{"type":"FeatureCollection","features":[{"type":"Feature","properties":{"id":"E12000001","name":"North East","type":"region"},"geometry":{"type":"MultiPolygon","coordinates":[[[[-1.77909,55.68568],[-1.77866,55.66759],[-1.80285,55.66835],[-1.81548,55.68216],[-1.85479,55.68044],[-1.85105,55.68847],[-1.80057,55.68954],[-1.77909,55.68568]]],[[[-1.98789,55.76825],[-1.98722,55.76487],[-2.00158,55.76539],[-2.00424,55.76548],[-2.00158,55.76365],[-1.9381,55.71989],[-1.93028,55.71743],[-1.91165,55.70772],[-1.88777,55.70402],[-1.87061,55.6986],[-1.87416,55.68393],[-1.88557,55.68478],[-1.87321,55.68278],[-1.87163,55.66609],[-1.85509,55.65344],[-1.84148,55.64302],[-1.80836,55.6344],[-1.7902,55.65048],[-1.79179,55.65335],[-1.79502,55.65918],[-1.7882,55.65671],[-1.78915,55.65335],[-1.79084,55.64734],[-1.75452,55.6234],[-1.75579,55.61832],[-1.78583,55.61709],[-1.77038,55.60341],[-1.74544,55.61896],[-1.72262,55.61679],[-1.68419,55.59904],[-1.66706,55.59112],[-1.66198,55.58689],[-1.65033,55.58337],[-1.6396,55.57841],[-1.65215,55.57135],[-1.64555,55.57414],[-1.64205,55.57128],[-1.64212,55.57114],[-1.63936,55.56908],[-1.61878,55.55224],[-1.61891,55.55216],[-1.63146,55.54835],[-1.63148,55.54423],[-1.64204,55.53756],[-1.61066,55.52178],[-1.61101,55.51776],[-1.61618,55.51293],[-1.61145,55.51283],[-1.61245,55.50152],[-1.61352,55.50025],[-1.61259,55.49993],[-1.61287,55.49678],[-1.59118,55.49241],[-1.59199,55.47315],[-1.59336,55.44035],[-1.59055,55.43892],[-1.59055,55.43775],[-1.57555,55.4305],[-1.57826,55.41692],[-1.57832,55.41685],[-1.57828,55.41682],[-1.58028,55.40678],[-1.61166,55.38501],[-1.60892,55.38399],[-1.60223,55.37027],[-1.60221,55.36974],[-1.60141,55.36859],[-1.59168,55.34863],[-1.5866,55.33602],[-1.57287,55.33858],[-1.56443,55.33387],[-1.54932,55.32204],[-1.56847,55.29336],[-1.57036,55.29053],[-1.56902,55.27166],[-1.56416,55.26569],[-1.56413,55.26549],[-1.56364,55.26505],[-1.52227,55.21416],[-1.52216,55.20982],[-1.51475,55.2049],[-1.49914,55.18565],[-1.50581,55.18444],[-1.51181,55.18357],[-1.52516,55.16264],[-1.54027,55.16161],[-1.52614,55.15997],[-1.48669,55.11647],[-1.50038,55.12792],[-1.52194,55.14358],[-1.52002,55.13883],[-1.53325,55.13906],[-1.55903,55.14667],[-1.53394,55.1376],[-1.56881,55.13089],[-1.52766,55.13718],[-1.50586,55.12978],[-1.49884,55.12447],[-1.49453,55.11481],[-1.49666,55.11436],[-1.49306,55.10279],[-1.48667,55.09719],[-1.47844,55.07874],[-1.4722,55.08451],[-1.46533,55.07848],[-1.46185,55.07438],[-1.46179,55.07431],[-1.44767,55.05552],[-1.44767,55.05176],[-1.44259,55.04875],[-1.42071,55.01958],[-1.40292,55.01458],[-1.41612,55.01662],[-1.42139,55.01368],[-1.42985,55.01328],[-1.45602,54.98866],[-1.50178,54.98853],[-1.51783,54.99639],[-1.50252,54.98849],[-1.53084,54.98402],[-1.4745,54.98647],[-1.47452,54.98644],[-1.48049,54.9749],[-1.45655,54.97744],[-1.47188,54.98608],[-1.44943,54.98435],[-1.42584,55.00623],[-1.41907,55.00368],[-1.4186,55.00323],[-1.40725,55.00846],[-1.40117,55.01114],[-1.4109,54.9989],[-1.3766,54.97766],[-1.35662,54.96527],[-1.36397,54.94412],[-1.36401,54.94376],[-1.3653,54.93303],[-1.36613,54.92611],[-1.35236,54.92132],[-1.36348,54.92277],[-1.37097,54.9117],[-1.35944,54.91645],[-1.35699,54.9141],[-1.35303,54.91885],[-1.36161,54.89823],[-1.36142,54.89772],[-1.36136,54.89758],[-1.34757,54.86062],[-1.34741,54.86049],[-1.32085,54.83758],[-1.32938,54.8381],[-1.30204,54.76847],[-1.28093,54.75283],[-1.24133,54.72344],[-1.24099,54.72319],[-1.17617,54.69769],[-1.17401,54.69188],[-1.17419,54.69188],[-1.19626,54.69858],[-1.18804,54.69336],[-1.18885,54.69243],[-1.19208,54.69255],[-1.19438,54.68604],[-1.19911,54.68059],[-1.17588,54.65342],[-1.15764,54.64821],[-1.17317,54.63372],[-1.18825,54.6326],[-1.19228,54.62947],[-1.20065,54.62294],[-1.17298,54.62154],[-1.16796,54.62933],[-1.15998,54.61133],[-1.18558,54.59141],[-1.18772,54.58974],[-1.19752,54.58211],[-1.16019,54.6045],[-1.14675,54.59908],[-1.15753,54.60542],[-1.15178,54.61453],[-1.13229,54.60857],[-1.15084,54.61514],[-1.15433,54.6277],[-1.13539,54.6297],[-1.13692,54.6431],[-1.12522,54.63774],[-1.11278,54.62771],[-1.07234,54.62016],[-1.05258,54.61647],[-1.04039,54.61103],[-1.03672,54.60853],[-1.02716,54.60513],[-1.00054,54.59324],[-0.96148,54.58491],[-0.94697,54.58743],[-0.93631,54.58813],[-0.89827,54.57127],[-0.85343,54.57178],[-0.84424,54.56971],[-0.79425,54.55844],[-0.7918,54.55831],[-0.80042,54.55101],[-0.82708,54.54852],[-0.84865,54.53],[-0.84853,54.48797],[-0.88083,54.49705],[-0.95259,54.48802],[-1.0034,54.50301],[-1.03685,54.49404],[-1.09474,54.5067],[-1.11838,54.4982],[-1.1462,54.50282],[-1.23487,54.51032],[-1.25667,54.50111],[-1.2574,54.48732],[-1.28109,54.49057],[-1.30043,54.47582],[-1.34363,54.46416],[-1.34492,54.47241],[-1.36442,54.46595],[-1.37256,54.47231],[-1.38101,54.49403],[-1.39505,54.48568],[-1.40709,54.49353],[-1.41279,54.4772],[-1.43212,54.47945],[-1.43491,54.48749],[-1.45851,54.50392],[-1.47484,54.50043],[-1.45838,54.49252],[-1.46231,54.45123],[-1.47546,54.47391],[-1.49879,54.47534],[-1.49178,54.4862],[-1.51134,54.47501],[-1.51413,54.48378],[-1.52884,54.48481],[-1.51969,54.47112],[-1.54567,54.47124],[-1.5552,54.48498],[-1.58298,54.4971],[-1.57921,54.50519],[-1.59188,54.5043],[-1.58107,54.51285],[-1.6025,54.51049],[-1.61148,54.52],[-1.63344,54.51411],[-1.63377,54.52536],[-1.65468,54.52465],[-1.65794,54.53459],[-1.69693,54.53601],[-1.72131,54.5423],[-1.73309,54.52774],[-1.7797,54.53187],[-1.77613,54.50673],[-1.79298,54.48449],[-1.83943,54.50844],[-1.8578,54.50354],[-1.85913,54.48186],[-1.94254,54.4534],[-1.97006,54.45152],[-1.99676,54.4669],[-2.04473,54.47519],[-2.0432,54.4836],[-2.1166,54.46226],[-2.17021,54.4582],[-2.159,54.47203],[-2.1724,54.53244],[-2.19753,54.5327],[-2.20949,54.55171],[-2.30451,54.5962],[-2.32494,54.63165],[-2.28798,54.65048],[-2.29287,54.66389],[-2.32729,54.67073],[-2.35177,54.68593],[-2.35574,54.69765],[-2.32575,54.72663],[-2.31209,54.79102],[-2.32739,54.80533],[-2.34843,54.80708],[-2.38999,54.83216],[-2.41166,54.85645],[-2.42276,54.84283],[-2.4606,54.83417],[-2.49536,54.81034],[-2.52347,54.80604],[-2.55831,54.81672],[-2.58267,54.84587],[-2.57335,54.85355],[-2.60543,54.88438],[-2.57641,54.89672],[-2.56622,54.91924],[-2.54527,54.92917],[-2.56765,54.94086],[-2.56849,54.95836],[-2.59557,54.96348],[-2.60143,54.97134],[-2.57331,54.98764],[-2.57285,55.0164],[-2.48305,55.04002],[-2.50398,55.06243],[-2.48609,55.08244],[-2.50257,55.09076],[-2.56214,55.08346],[-2.56843,55.09626],[-2.59354,55.1051],[-2.5989,55.12458],[-2.65694,55.13613],[-2.67732,55.15549],[-2.67456,55.17589],[-2.68979,55.18898],[-2.66681,55.22158],[-2.63141,55.2237],[-2.63023,55.24479],[-2.61145,55.24713],[-2.64677,55.26004],[-2.62666,55.26222],[-2.60924,55.28325],[-2.57336,55.29688],[-2.55901,55.31785],[-2.52027,55.32305],[-2.47539,55.35474],[-2.415,55.35892],[-2.39924,55.34819],[-2.37891,55.34917],[-2.33753,55.36719],[-2.34623,55.37306],[-2.33002,55.38124],[-2.34495,55.39931],[-2.33563,55.40821],[-2.31325,55.40679],[-2.26061,55.43293],[-2.23128,55.42843],[-2.19486,55.44459],[-2.18808,55.46212],[-2.16552,55.46838],[-2.20134,55.47527],[-2.20265,55.48954],[-2.22885,55.50952],[-2.24031,55.55563],[-2.28881,55.58031],[-2.28923,55.60377],[-2.31609,55.62046],[-2.30863,55.62888],[-2.32431,55.62617],[-2.33601,55.63248],[-2.30579,55.64704],[-2.23437,55.64104],[-2.24835,55.65215],[-2.21845,55.66426],[-2.21866,55.67591],[-2.16723,55.70604],[-2.17669,55.71869],[-2.15058,55.72315],[-2.1443,55.73927],[-2.11764,55.73878],[-2.10764,55.75989],[-2.08564,55.76204],[-2.08612,55.79305],[-2.0345,55.81121],[-2.03436,55.81109],[-2.00158,55.78088],[-1.98789,55.76825]]]]}},{"type":"Feature","properties":{"id":"E12000002","name":"North West","type":"region"},"geometry":{"type":"MultiPolygon","coordinates":[[[[-3.24294,54.09894],[-3.25246,54.09577],[-3.24316,54.09752],[-3.24719,54.0922],[-3.22434,54.08201],[-3.22096,54.0805],[-3.22415,54.07563],[-3.22682,54.07157],[-3.224,54.07049],[-3.21027,54.0652],[-3.20489,54.05162],[-3.17859,54.05526],[-3.1741,54.04829],[-3.17303,54.05527],[-3.17316,54.04708],[-3.20991,54.04767],[-3.22374,54.06177],[-3.26855,54.10737],[-3.27638,54.14289],[-3.25229,54.15037],[-3.26687,54.14192],[-3.24561,54.10986],[-3.24294,54.09894]]],[[[-2.56843,55.09626],[-2.56214,55.08346],[-2.50257,55.09076],[-2.48609,55.08244],[-2.50398,55.06243],[-2.48305,55.04002],[-2.57285,55.0164],[-2.57331,54.98764],[-2.60143,54.97134],[-2.59557,54.96348],[-2.56849,54.95836],[-2.56765,54.94086],[-2.54527,54.92917],[-2.56622,54.91924],[-2.57641,54.89672],[-2.60543,54.88438],[-2.57335,54.85355],[-2.58267,54.84587],[-2.55831,54.81672],[-2.52347,54.80604],[-2.49536,54.81034],[-2.4606,54.83417],[-2.42276,54.84283],[-2.41166,54.85645],[-2.38999,54.83216],[-2.34843,54.80708],[-2.32739,54.80533],[-2.31209,54.79102],[-2.32575,54.72663],[-2.35574,54.69765],[-2.35177,54.68593],[-2.32729,54.67073],[-2.29287,54.66389],[-2.28798,54.65048],[-2.32494,54.63165],[-2.30451,54.5962],[-2.20949,54.55171],[-2.19753,54.5327],[-2.1724,54.53244],[-2.159,54.47203],[-2.17021,54.4582],[-2.17751,54.46163],[-2.18932,54.44898],[-2.24954,54.45194],[-2.29287,54.43931],[-2.30815,54.41979],[-2.30545,54.39709],[-2.2917,54.39063],[-2.29744,54.3769],[-2.31704,54.37631],[-2.34465,54.35963],[-2.36771,54.35607],[-2.30984,54.32431],[-2.32303,54.31108],[-2.31719,54.28717],[-2.32589,54.27969],[-2.3155,54.27008],[-2.32565,54.24144],[-2.34805,54.23781],[-2.36232,54.24975],[-2.37302,54.2401],[-2.39678,54.23938],[-2.40563,54.22492],[-2.46086,54.22672],[-2.53398,54.15769],[-2.5605,54.15305],[-2.56474,54.12686],[-2.52401,54.09462],[-2.50953,54.09543],[-2.46435,54.07528],[-2.46955,54.04621],[-2.42583,54.03809],[-2.37407,54.04909],[-2.35732,54.01912],[-2.33956,54.00932],[-2.35228,54.01055],[-2.3522,53.99462],[-2.34,53.98948],[-2.31918,53.99382],[-2.29452,53.97446],[-2.2304,53.98157],[-2.22111,53.9779],[-2.2321,53.97122],[-2.22567,53.96112],[-2.19602,53.96958],[-2.18446,53.95221],[-2.18227,53.93541],[-2.13222,53.92651],[-2.11335,53.91563],[-2.10302,53.89094],[-2.08145,53.87568],[-2.08991,53.86818],[-2.04613,53.85014],[-2.04692,53.82951],[-2.06122,53.82562],[-2.11228,53.80571],[-2.12836,53.79903],[-2.12482,53.78806],[-2.13636,53.7801],[-2.13117,53.75154],[-2.17329,53.72301],[-2.14633,53.68223],[-2.14226,53.67801],[-2.13413,53.68573],[-2.11809,53.67125],[-2.09289,53.67016],[-2.05124,53.68369],[-2.02682,53.62417],[-2.02304,53.61584],[-2.00947,53.61678],[-1.94273,53.56164],[-1.91288,53.55164],[-1.90962,53.53839],[-1.92678,53.52095],[-1.92197,53.50995],[-1.95133,53.5042],[-1.96339,53.50983],[-1.98782,53.48111],[-1.98579,53.45523],[-2.00823,53.44155],[-2.00422,53.43592],[-2.01423,53.43976],[-2.02626,53.42987],[-2.0137,53.41589],[-1.99233,53.41519],[-2.00464,53.38633],[-2.03378,53.37554],[-2.03106,53.37026],[-2.00679,53.35457],[-2.00942,53.26061],[-1.97488,53.23095],[-1.99025,53.22302],[-1.98738,53.2136],[-2.00175,53.19296],[-2.04611,53.19278],[-2.07022,53.17165],[-2.11187,53.16864],[-2.14036,53.18385],[-2.14142,53.15661],[-2.15555,53.15965],[-2.21131,53.11582],[-2.24742,53.08987],[-2.25325,53.09398],[-2.29338,53.07833],[-2.31806,53.08141],[-2.34759,53.05617],[-2.38148,53.05248],[-2.38423,53.02617],[-2.37042,53.01453],[-2.38304,53.00779],[-2.38079,52.99841],[-2.43676,52.98626],[-2.43467,52.96956],[-2.48113,52.95884],[-2.52136,52.97434],[-2.52952,52.94716],[-2.56126,52.96495],[-2.58641,52.95538],[-2.59769,52.96301],[-2.59489,52.97961],[-2.63265,52.99667],[-2.67466,52.98566],[-2.69929,52.99544],[-2.72684,52.98327],[-2.75994,52.98642],[-2.76828,52.99486],[-2.80331,52.98959],[-2.836,52.99715],[-2.84406,53.01767],[-2.86104,53.02285],[-2.85572,53.03726],[-2.87012,53.04536],[-2.85924,53.05426],[-2.87255,53.05862],[-2.86148,53.06066],[-2.88164,53.07439],[-2.87572,53.08152],[-2.90207,53.09204],[-2.8811,53.1216],[-2.91023,53.11264],[-2.96381,53.13276],[-2.9795,53.15062],[-2.99509,53.1542],[-2.92784,53.17141],[-2.9223,53.18929],[-2.99838,53.23586],[-3.03602,53.2518],[-3.08601,53.2568],[-3.08608,53.25683],[-3.1074,53.27177],[-3.10725,53.27197],[-3.08881,53.268],[-3.08555,53.27225],[-3.11006,53.27679],[-3.07755,53.27958],[-3.1081,53.27834],[-3.1029,53.28048],[-3.09863,53.27993],[-3.08921,53.28612],[-3.10226,53.28074],[-3.10745,53.28191],[-3.09698,53.28935],[-3.10961,53.28258],[-3.12027,53.28858],[-3.10521,53.29164],[-3.123,53.2893],[-3.11835,53.29196],[-3.11706,53.29268],[-3.11657,53.29296],[-3.11631,53.29311],[-3.11409,53.29438],[-3.11387,53.29437],[-3.09632,53.29395],[-3.10905,53.29705],[-3.10929,53.29711],[-3.11262,53.29521],[-3.12392,53.29607],[-3.11616,53.30082],[-3.12744,53.29435],[-3.13798,53.29764],[-3.13441,53.30801],[-3.13303,53.29971],[-3.12394,53.30024],[-3.12674,53.30074],[-3.13075,53.30727],[-3.12814,53.30457],[-3.12873,53.30619],[-3.10713,53.30173],[-3.12682,53.30634],[-3.11263,53.30909],[-3.12058,53.31168],[-3.12645,53.3136],[-3.11907,53.31622],[-3.12931,53.31437],[-3.12269,53.31742],[-3.13565,53.31578],[-3.13641,53.32841],[-3.10604,53.31357],[-3.20407,53.38325],[-3.17762,53.39971],[-3.04118,53.44292],[-3.00255,53.3747],[-2.93428,53.31329],[-2.92884,53.30839],[-2.92864,53.3082],[-2.90165,53.29542],[-2.88947,53.28964],[-2.90053,53.29701],[-2.85557,53.29202],[-2.85728,53.28691],[-2.8396,53.29874],[-2.84638,53.30694],[-2.81596,53.30616],[-2.7888,53.29541],[-2.75279,53.31457],[-2.75243,53.31476],[-2.75246,53.31479],[-2.76339,53.32768],[-2.75434,53.34316],[-2.719,53.34484],[-2.69935,53.35671],[-2.67869,53.35478],[-2.67519,53.35446],[-2.69088,53.36081],[-2.69338,53.36182],[-2.73431,53.34777],[-2.76449,53.35529],[-2.75913,53.34961],[-2.77822,53.33263],[-2.78429,53.33643],[-2.77769,53.32928],[-2.78863,53.32254],[-2.82666,53.33166],[-2.82786,53.33147],[-2.85443,53.3274],[-2.87816,53.3342],[-2.90271,53.34556],[-2.97465,53.37878],[-3.00185,53.41033],[-3.00863,53.43788],[-3.00875,53.43838],[-3.02652,53.45312],[-3.02627,53.45408],[-3.03897,53.46343],[-3.04137,53.46542],[-3.05624,53.49205],[-3.06374,53.50547],[-3.06276,53.52995],[-3.06832,53.5199],[-3.08575,53.5254],[-3.1019,53.53714],[-3.10424,53.55446],[-3.05872,53.6212],[-3.00566,53.66469],[-3.01004,53.67222],[-3.01407,53.67915],[-2.98287,53.68259],[-2.98721,53.68926],[-2.97764,53.68574],[-2.96726,53.69845],[-2.97156,53.69227],[-2.95998,53.69179],[-2.96073,53.68582],[-2.95372,53.69161],[-2.95749,53.68329],[-2.94625,53.67925],[-2.94976,53.691],[-2.94679,53.68802],[-2.95045,53.6917],[-2.95416,53.69542],[-2.95414,53.69542],[-2.95545,53.69673],[-2.95623,53.6975],[-2.9371,53.6951],[-2.95112,53.69977],[-2.93668,53.70191],[-2.95497,53.70403],[-2.9438,53.70814],[-2.93184,53.70001],[-2.92618,53.70466],[-2.94815,53.71154],[-2.93828,53.72492],[-2.91427,53.71091],[-2.92933,53.7242],[-2.91512,53.72611],[-2.91085,53.72669],[-2.86639,53.73272],[-2.84531,53.72499],[-2.83142,53.71691],[-2.82908,53.71555],[-2.82766,53.71473],[-2.82699,53.71434],[-2.82831,53.71553],[-2.82981,53.71738],[-2.83072,53.71964],[-2.83204,53.72012],[-2.83546,53.72434],[-2.82119,53.73033],[-2.8361,53.72479],[-2.84283,53.73156],[-2.83596,53.73695],[-2.84498,53.73372],[-2.84467,53.73011],[-2.85539,53.73513],[-2.8103,53.74736],[-2.80383,53.74912],[-2.79402,53.75178],[-2.79382,53.75183],[-2.79402,53.75179],[-2.85555,53.73839],[-2.85872,53.75064],[-2.85686,53.7382],[-2.89911,53.73307],[-2.91098,53.73259],[-2.93381,53.73168],[-2.95298,53.73293],[-2.945,53.73615],[-2.97641,53.73405],[-3.03874,53.74719],[-3.05711,53.77652],[-3.05711,53.77653],[-3.05001,53.85165],[-3.04784,53.87463],[-3.04774,53.87572],[-3.04978,53.92],[-3.00848,53.92894],[-3.00946,53.90074],[-2.99957,53.9286],[-2.925,53.94997],[-2.91566,53.94749],[-2.91068,53.94616],[-2.91562,53.9458],[-2.9301,53.94473],[-2.91551,53.94093],[-2.90616,53.93849],[-2.88101,53.94335],[-2.87964,53.94548],[-2.88172,53.9466],[-2.86409,53.95333],[-2.88678,53.95836],[-2.86104,53.95504],[-2.86938,53.95975],[-2.85725,53.95761],[-2.86188,53.96462],[-2.83633,53.95463],[-2.85396,53.96521],[-2.83587,53.96375],[-2.87195,53.97031],[-2.87924,53.97914],[-2.85605,53.99957],[-2.82297,53.99486],[-2.83276,53.99851],[-2.83519,54.01108],[-2.85331,54.00558],[-2.84494,54.01486],[-2.86049,54.00387],[-2.87098,54.01443],[-2.86473,54.00504],[-2.87792,54.00628],[-2.88101,53.98947],[-2.88732,54.00179],[-2.88606,53.99105],[-2.90013,53.99198],[-2.90403,54.02219],[-2.91743,54.02815],[-2.92443,54.03126],[-2.92175,54.03246],[-2.92147,54.03259],[-2.91242,54.03376],[-2.91874,54.03381],[-2.91756,54.03433],[-2.90627,54.03939],[-2.88238,54.07244],[-2.87037,54.07624],[-2.84663,54.07764],[-2.8195,54.08884],[-2.81427,54.09491],[-2.8215,54.08897],[-2.8266,54.10043],[-2.7803,54.1356],[-2.79841,54.12739],[-2.82946,54.13837],[-2.82783,54.14755],[-2.83708,54.15765],[-2.83791,54.17422],[-2.85743,54.17899],[-2.86354,54.18255],[-2.86414,54.192],[-2.84251,54.20559],[-2.88724,54.19907],[-2.90204,54.18938],[-2.89609,54.18118],[-2.9107,54.17954],[-2.89942,54.17611],[-2.92048,54.16591],[-2.92227,54.16504],[-2.92046,54.16501],[-2.90833,54.16481],[-2.92023,54.15467],[-2.92536,54.15029],[-2.99987,54.15476],[-2.98942,54.17946],[-3.00649,54.17225],[-3.00503,54.18028],[-3.01028,54.17691],[-3.03866,54.19725],[-3.02295,54.19156],[-3.03474,54.19629],[-3.03295,54.21131],[-3.03279,54.21265],[-3.03436,54.2113],[-3.06352,54.18616],[-3.06085,54.16204],[-3.10574,54.11904],[-3.1491,54.09357],[-3.17245,54.08176],[-3.15074,54.06481],[-3.17143,54.07963],[-3.17803,54.07492],[-3.17369,54.08332],[-3.1917,54.10306],[-3.21479,54.09805],[-3.22018,54.08973],[-3.22468,54.09376],[-3.2421,54.10933],[-3.23696,54.15468],[-3.24942,54.15473],[-3.25757,54.16648],[-3.22708,54.17479],[-3.21716,54.17749],[-3.22307,54.18778],[-3.21485,54.18564],[-3.21308,54.20718],[-3.20595,54.2097],[-3.20203,54.21109],[-3.20235,54.21141],[-3.20244,54.21154],[-3.20271,54.21172],[-3.20322,54.21219],[-3.20328,54.21233],[-3.1797,54.23882],[-3.19774,54.2289],[-3.21031,54.25405],[-3.22912,54.25997],[-3.22784,54.27772],[-3.22995,54.27141],[-3.23048,54.26983],[-3.23369,54.26024],[-3.22952,54.25685],[-3.22295,54.25153],[-3.22931,54.24996],[-3.24367,54.24642],[-3.22929,54.24917],[-3.22818,54.24938],[-3.22571,54.23975],[-3.22895,54.23763],[-3.26587,54.2134],[-3.25412,54.2103],[-3.2515,54.21583],[-3.24516,54.2093],[-3.23929,54.20326],[-3.25423,54.19154],[-3.28769,54.19707],[-3.29799,54.18865],[-3.32171,54.19026],[-3.34202,54.20826],[-3.39373,54.25401],[-3.42115,54.28466],[-3.42364,54.33836],[-3.41013,54.35039],[-3.4173,54.34898],[-3.4353,54.34341],[-3.47844,54.38643],[-3.503,54.41087],[-3.54343,54.44102],[-3.63708,54.51065],[-3.63844,54.51228],[-3.61328,54.52526],[-3.60928,54.53011],[-3.60802,54.53073],[-3.6054,54.53483],[-3.59111,54.55217],[-3.58634,54.56465],[-3.58107,54.57289],[-3.58167,54.57686],[-3.57255,54.6007],[-3.56597,54.61213],[-3.56589,54.61222],[-3.5659,54.61225],[-3.56588,54.61229],[-3.57992,54.65231],[-3.57171,54.65091],[-3.55127,54.64812],[-3.54433,54.64718],[-3.55127,54.64818],[-3.57148,54.65109],[-3.55198,54.66662],[-3.51921,54.69269],[-3.51496,54.70521],[-3.50748,54.71677],[-3.49393,54.71252],[-3.50711,54.71735],[-3.50654,54.71822],[-3.4582,54.74618],[-3.43686,54.75851],[-3.43776,54.8019],[-3.39986,54.86742],[-3.36746,54.89107],[-3.33804,54.90028],[-3.28563,54.87831],[-3.28726,54.89149],[-3.27505,54.88784],[-3.26246,54.89511],[-3.26381,54.88908],[-3.24954,54.90072],[-3.25245,54.91119],[-3.27173,54.89952],[-3.30851,54.91163],[-3.31428,54.92034],[-3.3042,54.92768],[-3.28514,54.94156],[-3.26528,54.94304],[-3.26884,54.93708],[-3.25044,54.9451],[-3.23209,54.95309],[-3.2044,54.95374],[-3.1534,54.93188],[-3.13806,54.92935],[-3.11879,54.92617],[-3.11867,54.92576],[-3.11893,54.92555],[-3.11893,54.92538],[-3.08409,54.92984],[-3.11894,54.93457],[-3.1252,54.94405],[-3.11389,54.94071],[-3.12195,54.94454],[-3.11419,54.9472],[-3.12707,54.95092],[-3.0957,54.94622],[-3.10382,54.9486],[-3.11727,54.95591],[-3.1056,54.95067],[-3.11161,54.95763],[-3.08542,54.96517],[-3.06337,54.98348],[-3.06033,54.98452],[-3.0497,54.98353],[-3.04831,54.9834],[-3.05218,54.99048],[-3.04408,54.99856],[-3.04946,55.0094],[-3.02588,55.03649],[-3.05342,55.04728],[-3.05093,55.0528],[-2.95859,55.04929],[-2.93641,55.05959],[-2.94043,55.06913],[-2.89688,55.07795],[-2.88629,55.09481],[-2.85854,55.10835],[-2.82761,55.12484],[-2.8255,55.13831],[-2.78485,55.14179],[-2.70348,55.17317],[-2.68979,55.18898],[-2.67456,55.17589],[-2.67732,55.15549],[-2.65694,55.13613],[-2.5989,55.12458],[-2.59354,55.1051],[-2.56843,55.09626]]]]}},{"type":"Feature","properties":{"id":"E12000003","name":"Yorkshire and The Humber","type":"region"},"geometry":{"type":"MultiPolygon","coordinates":[[[[-0.52077,53.68522],[-0.53575,53.68126],[-0.55372,53.69033],[-0.52077,53.68522]]],[[[-0.76478,54.54825],[-0.7435,54.5282],[-0.72272,54.53284],[-0.71542,54.53417],[-0.7027,54.52862],[-0.69281,54.52069],[-0.68352,54.52025],[-0.68206,54.51961],[-0.67042,54.50077],[-0.62382,54.49546],[-0.61035,54.49351],[-0.57375,54.48136],[-0.55435,54.46961],[-0.52084,54.44626],[-0.53272,54.43345],[-0.5242,54.41726],[-0.51037,54.41326],[-0.48604,54.40431],[-0.47008,54.39344],[-0.4397,54.35125],[-0.43269,54.34017],[-0.41708,54.33144],[-0.40744,54.29346],[-0.39099,54.28966],[-0.38508,54.28784],[-0.39669,54.27453],[-0.36872,54.24846],[-0.36538,54.24742],[-0.36515,54.24722],[-0.35758,54.24502],[-0.26549,54.21654],[-0.27737,54.21213],[-0.28069,54.21162],[-0.28053,54.21096],[-0.28382,54.20974],[-0.28199,54.20351],[-0.27689,54.18612],[-0.24519,54.16648],[-0.21267,54.15773],[-0.21251,54.15769],[-0.16436,54.14586],[-0.09701,54.12925],[-0.07966,54.11868],[-0.0763,54.11636],[-0.10448,54.10415],[-0.16644,54.0989],[-0.16682,54.09886],[-0.17633,54.09002],[-0.19216,54.07998],[-0.1972,54.07061],[-0.21228,54.05657],[-0.21252,54.04214],[-0.21321,54.04085],[-0.21261,54.03638],[-0.21284,54.02272],[-0.21309,54.00746],[-0.17365,53.93439],[-0.15601,53.90161],[-0.13409,53.88088],[-0.12817,53.8713],[-0.08944,53.83858],[-0.03713,53.78889],[0.11653,53.66311],[0.11725,53.66175],[0.11936,53.65774],[0.14564,53.60777],[0.14625,53.60349],[0.14511,53.59886],[0.14199,53.59571],[0.11292,53.5751],[0.10877,53.57216],[0.10879,53.57222],[0.11293,53.5753],[0.14248,53.59732],[0.14468,53.60461],[0.14236,53.60944],[0.11532,53.62321],[0.08143,53.64045],[0.03247,53.64935],[-0.0539,53.62908],[-0.10343,53.63529],[-0.14368,53.66211],[-0.18428,53.68912],[-0.21402,53.70887],[-0.22715,53.7085],[-0.23022,53.73355],[-0.24307,53.72946],[-0.24433,53.73718],[-0.24404,53.73753],[-0.2473,53.74117],[-0.24513,53.73656],[-0.25016,53.73331],[-0.2513,53.7336],[-0.28664,53.74255],[-0.33122,53.73831],[-0.41911,53.7196],[-0.41921,53.71958],[-0.42605,53.71897],[-0.43413,53.719],[-0.43455,53.7182],[-0.48629,53.71354],[-0.54256,53.70844],[-0.58334,53.7266],[-0.63022,53.73399],[-0.63725,53.72889],[-0.61853,53.73051],[-0.67161,53.72184],[-0.69598,53.70436],[-0.7426,53.70698],[-0.71249,53.70233],[-0.69853,53.69773],[-0.70998,53.69586],[-0.69973,53.69569],[-0.69913,53.6903],[-0.69849,53.68461],[-0.69174,53.67875],[-0.68492,53.67283],[-0.69491,53.69452],[-0.6395,53.71017],[-0.61066,53.71446],[-0.58625,53.69334],[-0.52351,53.67699],[-0.48708,53.69161],[-0.47058,53.69823],[-0.44342,53.69735],[-0.44284,53.68928],[-0.44257,53.69733],[-0.39494,53.70005],[-0.3905,53.68925],[-0.38761,53.70219],[-0.29415,53.71414],[-0.2524,53.68104],[-0.2379,53.66359],[-0.20333,53.64204],[-0.20079,53.64002],[-0.20072,53.63997],[-0.18672,53.63228],[-0.09384,53.58116],[-0.07927,53.57696],[-0.06515,53.58329],[-0.062,53.58247],[-0.01504,53.55151],[-0.00352,53.54672],[-0.00854,53.55567],[0.01551,53.52795],[-0.0148,53.51537],[-0.06505,53.51874],[-0.07526,53.48934],[-0.09549,53.48599],[-0.0898,53.47768],[-0.10782,53.46986],[-0.08221,53.45115],[-0.12034,53.43356],[-0.13184,53.43593],[-0.14923,53.4467],[-0.15368,53.46568],[-0.1818,53.46865],[-0.18857,53.48454],[-0.2106,53.48629],[-0.20409,53.51177],[-0.21059,53.53171],[-0.21988,53.53261],[-0.18934,53.56592],[-0.19519,53.57162],[-0.22256,53.56802],[-0.23467,53.58625],[-0.2514,53.58465],[-0.24848,53.59366],[-0.29212,53.61327],[-0.30856,53.61433],[-0.30074,53.59528],[-0.33594,53.55863],[-0.41696,53.56321],[-0.429,53.57452],[-0.46702,53.54896],[-0.49093,53.54587],[-0.50126,53.53746],[-0.43066,53.54634],[-0.40815,53.53211],[-0.40507,53.51762],[-0.48838,53.50486],[-0.48663,53.48047],[-0.47175,53.47487],[-0.55179,53.45952],[-0.62975,53.45822],[-0.62449,53.51284],[-0.73959,53.51994],[-0.75211,53.50053],[-0.76811,53.49893],[-0.77157,53.4792],[-0.78439,53.47667],[-0.78436,53.46338],[-0.79748,53.45506],[-0.87192,53.46631],[-0.91625,53.4603],[-0.92025,53.46551],[-0.90047,53.47516],[-0.93556,53.50252],[-0.95326,53.48442],[-0.98598,53.47167],[-0.99567,53.43693],[-1.01435,53.4263],[-1.03052,53.4252],[-1.03095,53.43098],[-1.08044,53.42687],[-1.11604,53.40735],[-1.11558,53.39719],[-1.13461,53.39003],[-1.13054,53.37557],[-1.14603,53.36904],[-1.13854,53.35591],[-1.16261,53.35684],[-1.15684,53.34497],[-1.14101,53.34675],[-1.13872,53.34138],[-1.19974,53.31144],[-1.20324,53.30422],[-1.23069,53.30856],[-1.24387,53.30157],[-1.28201,53.30946],[-1.29568,53.31504],[-1.28859,53.32623],[-1.29902,53.33251],[-1.32467,53.32881],[-1.33775,53.31585],[-1.38674,53.31763],[-1.38657,53.3349],[-1.41103,53.34199],[-1.42087,53.33457],[-1.44197,53.33749],[-1.45988,53.33069],[-1.45522,53.32187],[-1.46791,53.31712],[-1.50213,53.31758],[-1.53677,53.30475],[-1.56173,53.30641],[-1.56173,53.31597],[-1.58053,53.31174],[-1.5849,53.32159],[-1.59909,53.31132],[-1.6092,53.32266],[-1.62759,53.31624],[-1.63273,53.32084],[-1.6123,53.34322],[-1.59055,53.34592],[-1.66355,53.3666],[-1.65382,53.39191],[-1.70497,53.40506],[-1.70853,53.41734],[-1.73976,53.42099],[-1.74532,53.46218],[-1.80143,53.48096],[-1.80146,53.48099],[-1.80147,53.48099],[-1.79629,53.50315],[-1.82223,53.52109],[-1.84182,53.51991],[-1.87349,53.54043],[-1.89411,53.53361],[-1.90962,53.53839],[-1.91288,53.55164],[-1.94273,53.56164],[-2.00947,53.61678],[-2.02304,53.61584],[-2.02682,53.62417],[-2.05124,53.68369],[-2.09289,53.67016],[-2.11809,53.67125],[-2.13413,53.68573],[-2.14226,53.67801],[-2.14633,53.68223],[-2.17329,53.72301],[-2.13117,53.75154],[-2.13636,53.7801],[-2.12482,53.78806],[-2.12836,53.79903],[-2.11228,53.80571],[-2.06122,53.82562],[-2.04692,53.82951],[-2.04613,53.85014],[-2.08991,53.86818],[-2.08145,53.87568],[-2.10302,53.89094],[-2.11335,53.91563],[-2.13222,53.92651],[-2.18227,53.93541],[-2.18446,53.95221],[-2.19602,53.96958],[-2.22567,53.96112],[-2.2321,53.97122],[-2.22111,53.9779],[-2.2304,53.98157],[-2.29452,53.97446],[-2.31918,53.99382],[-2.34,53.98948],[-2.3522,53.99462],[-2.35228,54.01055],[-2.33956,54.00932],[-2.35732,54.01912],[-2.37407,54.04909],[-2.42583,54.03809],[-2.46955,54.04621],[-2.46435,54.07528],[-2.50953,54.09543],[-2.52401,54.09462],[-2.56474,54.12686],[-2.5605,54.15305],[-2.53398,54.15769],[-2.46086,54.22672],[-2.40563,54.22492],[-2.39678,54.23938],[-2.37302,54.2401],[-2.36232,54.24975],[-2.34805,54.23781],[-2.32565,54.24144],[-2.3155,54.27008],[-2.32589,54.27969],[-2.31719,54.28717],[-2.32303,54.31108],[-2.30984,54.32431],[-2.36771,54.35607],[-2.34465,54.35963],[-2.31704,54.37631],[-2.29744,54.3769],[-2.2917,54.39063],[-2.30545,54.39709],[-2.30815,54.41979],[-2.29287,54.43931],[-2.24954,54.45194],[-2.18932,54.44898],[-2.17751,54.46163],[-2.17021,54.4582],[-2.1166,54.46226],[-2.0432,54.4836],[-2.04473,54.47519],[-1.99676,54.4669],[-1.97006,54.45152],[-1.94254,54.4534],[-1.85913,54.48186],[-1.8578,54.50354],[-1.83943,54.50844],[-1.79298,54.48449],[-1.77613,54.50673],[-1.7797,54.53187],[-1.73309,54.52774],[-1.72131,54.5423],[-1.69693,54.53601],[-1.65794,54.53459],[-1.65468,54.52465],[-1.63377,54.52536],[-1.63344,54.51411],[-1.61148,54.52],[-1.6025,54.51049],[-1.58107,54.51285],[-1.59188,54.5043],[-1.57921,54.50519],[-1.58298,54.4971],[-1.5552,54.48498],[-1.54567,54.47124],[-1.51969,54.47112],[-1.52884,54.48481],[-1.51413,54.48378],[-1.51134,54.47501],[-1.49178,54.4862],[-1.49879,54.47534],[-1.47546,54.47391],[-1.46231,54.45123],[-1.45838,54.49252],[-1.47484,54.50043],[-1.45851,54.50392],[-1.43491,54.48749],[-1.43212,54.47945],[-1.41279,54.4772],[-1.40709,54.49353],[-1.39505,54.48568],[-1.38101,54.49403],[-1.37256,54.47231],[-1.36442,54.46595],[-1.34492,54.47241],[-1.34363,54.46416],[-1.30043,54.47582],[-1.28109,54.49057],[-1.2574,54.48732],[-1.25667,54.50111],[-1.23487,54.51032],[-1.1462,54.50282],[-1.11838,54.4982],[-1.09474,54.5067],[-1.03685,54.49404],[-1.0034,54.50301],[-0.95259,54.48802],[-0.88083,54.49705],[-0.84853,54.48797],[-0.84865,54.53],[-0.82708,54.54852],[-0.80042,54.55101],[-0.7918,54.55831],[-0.7846,54.55793],[-0.76685,54.5502],[-0.76478,54.54825]]]]}},{"type":"Feature","properties":{"id":"E12000004","name":"East Midlands","type":"region"},"geometry":{"type":"Polygon","coordinates":[[[-0.24848,53.59366],[-0.2514,53.58465],[-0.23467,53.58625],[-0.22256,53.56802],[-0.19519,53.57162],[-0.18934,53.56592],[-0.21988,53.53261],[-0.21059,53.53171],[-0.20409,53.51177],[-0.2106,53.48629],[-0.18857,53.48454],[-0.1818,53.46865],[-0.15368,53.46568],[-0.14923,53.4467],[-0.13184,53.43593],[-0.12034,53.43356],[-0.08221,53.45115],[-0.10782,53.46986],[-0.0898,53.47768],[-0.09549,53.48599],[-0.07526,53.48934],[-0.06505,53.51874],[-0.0148,53.51537],[0.01551,53.52795],[0.01763,53.52549],[0.03352,53.52214],[0.02056,53.5184],[0.03532,53.51918],[0.03692,53.51051],[0.03605,53.52169],[0.0407,53.50797],[0.04443,53.51424],[0.06109,53.51237],[0.02683,53.52971],[0.07656,53.51317],[0.08671,53.51566],[0.08449,53.49943],[0.09073,53.49191],[0.10129,53.49457],[0.1008,53.48464],[0.10841,53.48445],[0.1151,53.48428],[0.10862,53.48871],[0.10387,53.49196],[0.10867,53.4897],[0.12129,53.48376],[0.1087,53.49028],[0.10288,53.49329],[0.10889,53.49409],[0.11288,53.49462],[0.10937,53.50386],[0.10889,53.50512],[0.10943,53.50497],[0.12931,53.49922],[0.13458,53.48492],[0.14321,53.48542],[0.13865,53.4949],[0.1467,53.49294],[0.16617,53.4771],[0.17363,53.47102],[0.16533,53.47381],[0.17938,53.44344],[0.19048,53.4383],[0.17543,53.43699],[0.19121,53.43743],[0.21105,53.4174],[0.18948,53.41733],[0.21308,53.41661],[0.21252,53.41607],[0.21214,53.41609],[0.20638,53.41019],[0.21223,53.41579],[0.21438,53.40863],[0.21416,53.416],[0.2314,53.4024],[0.26051,53.35927],[0.27445,53.33223],[0.32385,53.26199],[0.35561,53.19207],[0.34938,53.114],[0.34923,53.11217],[0.33799,53.10178],[0.33761,53.10143],[0.33409,53.08673],[0.33495,53.0944],[0.31919,53.09174],[0.31886,53.09107],[0.29924,53.09073],[0.31567,53.08874],[0.28844,53.07574],[0.28179,53.0801],[0.28748,53.07489],[0.25719,53.06378],[0.2689,53.06317],[0.25824,53.05645],[0.24882,53.05219],[0.24287,53.05718],[0.24859,53.05188],[0.23605,53.05305],[0.24455,53.04862],[0.19959,53.03265],[0.19939,53.03254],[0.15143,53.00811],[0.08192,52.94128],[0.07976,52.9392],[0.07231,52.93202],[0.0776,52.93203],[0.06331,52.92255],[0.05318,52.91618],[0.04263,52.90883],[0.027,52.89845],[0.03809,52.9051],[0.03742,52.90332],[0.04083,52.90659],[0.06855,52.91873],[0.06916,52.90822],[0.05638,52.90339],[0.07338,52.90608],[0.07699,52.89807],[0.07982,52.89754],[0.14501,52.88509],[0.13602,52.87452],[0.15029,52.88239],[0.17633,52.87412],[0.21427,52.82895],[0.21508,52.82848],[0.21492,52.82285],[0.20437,52.78157],[0.21681,52.82088],[0.24525,52.82218],[0.26573,52.81391],[0.24504,52.78447],[0.27223,52.77281],[0.18632,52.73535],[0.17163,52.73803],[0.13298,52.7393],[0.08901,52.72363],[0.06363,52.72739],[0.04415,52.71438],[0.04857,52.6814],[0.0215,52.66489],[-0.03127,52.66153],[-0.06371,52.67523],[-0.08775,52.66679],[-0.1022,52.67221],[-0.14106,52.65151],[-0.18002,52.66056],[-0.19287,52.65244],[-0.2125,52.66668],[-0.26075,52.65142],[-0.28924,52.67028],[-0.33504,52.67487],[-0.35008,52.66167],[-0.40569,52.64806],[-0.45283,52.65427],[-0.49469,52.64027],[-0.47092,52.62356],[-0.49266,52.5819],[-0.47881,52.57365],[-0.41538,52.57874],[-0.40729,52.56405],[-0.41959,52.55896],[-0.40128,52.53868],[-0.4136,52.52568],[-0.35435,52.5065],[-0.3594,52.48983],[-0.34159,52.46694],[-0.37022,52.43993],[-0.36241,52.43353],[-0.41707,52.4116],[-0.44151,52.385],[-0.49595,52.37952],[-0.48852,52.37402],[-0.4987,52.3601],[-0.47768,52.34892],[-0.48326,52.3409],[-0.46666,52.33893],[-0.46537,52.32295],[-0.51983,52.31769],[-0.51405,52.3147],[-0.54197,52.28994],[-0.53119,52.2704],[-0.54197,52.25607],[-0.56569,52.25347],[-0.60334,52.2788],[-0.65366,52.26829],[-0.63733,52.22732],[-0.66814,52.19503],[-0.70546,52.19157],[-0.74973,52.16688],[-0.77798,52.16873],[-0.79209,52.15133],[-0.80759,52.15698],[-0.81402,52.14247],[-0.83197,52.14368],[-0.8282,52.13261],[-0.88076,52.12629],[-0.88703,52.11421],[-0.87147,52.11178],[-0.86953,52.10004],[-0.84671,52.09151],[-0.83131,52.07201],[-0.83959,52.0638],[-0.86268,52.06093],[-0.85245,52.05071],[-0.87127,52.04022],[-0.87756,52.0299],[-0.89012,52.03153],[-0.90603,52.02122],[-0.95187,52.08153],[-0.96781,52.07091],[-1.02632,52.07568],[-1.04221,52.07371],[-1.02767,52.06373],[-1.06207,52.06274],[-1.12199,52.04515],[-1.13667,52.02224],[-1.11809,52.01543],[-1.13433,51.9973],[-1.16382,51.99341],[-1.19626,51.97743],[-1.24161,51.98629],[-1.2835,51.97956],[-1.27816,52.01427],[-1.31292,52.05145],[-1.29751,52.07806],[-1.31816,52.07992],[-1.32116,52.08702],[-1.24809,52.09716],[-1.3319,52.16849],[-1.31313,52.19047],[-1.25498,52.19783],[-1.28473,52.23844],[-1.26685,52.23525],[-1.233,52.25326],[-1.21565,52.26639],[-1.23378,52.29033],[-1.20923,52.3152],[-1.26535,52.32836],[-1.23379,52.34641],[-1.17497,52.35629],[-1.20163,52.39673],[-1.30595,52.4934],[-1.32512,52.50105],[-1.41734,52.53446],[-1.45999,52.55159],[-1.52269,52.57043],[-1.52716,52.58274],[-1.5607,52.59612],[-1.55445,52.61476],[-1.57135,52.63527],[-1.54452,52.64461],[-1.55177,52.66746],[-1.58965,52.68726],[-1.59754,52.70042],[-1.65506,52.69878],[-1.65661,52.72175],[-1.70416,52.73208],[-1.66654,52.78472],[-1.61113,52.7814],[-1.61435,52.78827],[-1.58887,52.79987],[-1.59169,52.80929],[-1.61053,52.81636],[-1.58538,52.8316],[-1.62677,52.85446],[-1.68951,52.8645],[-1.70061,52.86058],[-1.70449,52.8667],[-1.72529,52.85967],[-1.746,52.86869],[-1.77722,52.88381],[-1.82821,52.88443],[-1.85658,52.92334],[-1.82859,52.94787],[-1.82678,52.97709],[-1.7624,52.99986],[-1.75893,53.03732],[-1.77899,53.04492],[-1.77565,53.05935],[-1.79424,53.08839],[-1.78369,53.10296],[-1.82186,53.13668],[-1.81262,53.15441],[-1.86082,53.18847],[-1.89868,53.20004],[-1.95671,53.21375],[-1.96236,53.22624],[-1.98738,53.2136],[-1.99025,53.22302],[-1.97488,53.23095],[-2.00942,53.26061],[-2.00679,53.35457],[-2.03106,53.37026],[-2.03378,53.37554],[-2.00464,53.38633],[-1.99233,53.41519],[-2.0137,53.41589],[-2.02626,53.42987],[-2.01423,53.43976],[-2.00422,53.43592],[-2.00823,53.44155],[-1.98579,53.45523],[-1.98782,53.48111],[-1.96339,53.50983],[-1.95133,53.5042],[-1.92197,53.50995],[-1.92678,53.52095],[-1.90962,53.53839],[-1.89411,53.53361],[-1.87349,53.54043],[-1.84182,53.51991],[-1.82223,53.52109],[-1.79629,53.50315],[-1.80147,53.48099],[-1.80146,53.48099],[-1.80143,53.48096],[-1.74532,53.46218],[-1.73976,53.42099],[-1.70853,53.41734],[-1.70497,53.40506],[-1.65382,53.39191],[-1.66355,53.3666],[-1.59055,53.34592],[-1.6123,53.34322],[-1.63273,53.32084],[-1.62759,53.31624],[-1.6092,53.32266],[-1.59909,53.31132],[-1.5849,53.32159],[-1.58053,53.31174],[-1.56173,53.31597],[-1.56173,53.30641],[-1.53677,53.30475],[-1.50213,53.31758],[-1.46791,53.31712],[-1.45522,53.32187],[-1.45988,53.33069],[-1.44197,53.33749],[-1.42087,53.33457],[-1.41103,53.34199],[-1.38657,53.3349],[-1.38674,53.31763],[-1.33775,53.31585],[-1.32467,53.32881],[-1.29902,53.33251],[-1.28859,53.32623],[-1.29568,53.31504],[-1.28201,53.30946],[-1.24387,53.30157],[-1.23069,53.30856],[-1.20324,53.30422],[-1.19974,53.31144],[-1.13872,53.34138],[-1.14101,53.34675],[-1.15684,53.34497],[-1.16261,53.35684],[-1.13854,53.35591],[-1.14603,53.36904],[-1.13054,53.37557],[-1.13461,53.39003],[-1.11558,53.39719],[-1.11604,53.40735],[-1.08044,53.42687],[-1.03095,53.43098],[-1.03052,53.4252],[-1.01435,53.4263],[-0.99567,53.43693],[-0.98598,53.47167],[-0.95326,53.48442],[-0.93556,53.50252],[-0.90047,53.47516],[-0.92025,53.46551],[-0.91625,53.4603],[-0.87192,53.46631],[-0.79748,53.45506],[-0.78436,53.46338],[-0.78439,53.47667],[-0.77157,53.4792],[-0.76811,53.49893],[-0.75211,53.50053],[-0.73959,53.51994],[-0.62449,53.51284],[-0.62975,53.45822],[-0.55179,53.45952],[-0.47175,53.47487],[-0.48663,53.48047],[-0.48838,53.50486],[-0.40507,53.51762],[-0.40815,53.53211],[-0.43066,53.54634],[-0.50126,53.53746],[-0.49093,53.54587],[-0.46702,53.54896],[-0.429,53.57452],[-0.41696,53.56321],[-0.33594,53.55863],[-0.30074,53.59528],[-0.30856,53.61433],[-0.29212,53.61327],[-0.24848,53.59366]]]}},{"type":"Feature","properties":{"id":"E12000005","name":"West Midlands","type":"region"},"geometry":{"type":"Polygon","coordinates":[[[-1.86082,53.18847],[-1.81262,53.15441],[-1.82186,53.13668],[-1.78369,53.10296],[-1.79424,53.08839],[-1.77565,53.05935],[-1.77899,53.04492],[-1.75893,53.03732],[-1.7624,52.99986],[-1.82678,52.97709],[-1.82859,52.94787],[-1.85658,52.92334],[-1.82821,52.88443],[-1.77722,52.88381],[-1.746,52.86869],[-1.72529,52.85967],[-1.70449,52.8667],[-1.70061,52.86058],[-1.68951,52.8645],[-1.62677,52.85446],[-1.58538,52.8316],[-1.61053,52.81636],[-1.59169,52.80929],[-1.58887,52.79987],[-1.61435,52.78827],[-1.61113,52.7814],[-1.66654,52.78472],[-1.70416,52.73208],[-1.65661,52.72175],[-1.65506,52.69878],[-1.59754,52.70042],[-1.58965,52.68726],[-1.55177,52.66746],[-1.54452,52.64461],[-1.57135,52.63527],[-1.55445,52.61476],[-1.5607,52.59612],[-1.52716,52.58274],[-1.52269,52.57043],[-1.45999,52.55159],[-1.41734,52.53446],[-1.32512,52.50105],[-1.30595,52.4934],[-1.20163,52.39673],[-1.17497,52.35629],[-1.23379,52.34641],[-1.26535,52.32836],[-1.20923,52.3152],[-1.23378,52.29033],[-1.21565,52.26639],[-1.233,52.25326],[-1.26685,52.23525],[-1.28473,52.23844],[-1.25498,52.19783],[-1.31313,52.19047],[-1.3319,52.16849],[-1.34871,52.13513],[-1.36615,52.13608],[-1.3933,52.11896],[-1.37084,52.11753],[-1.35777,52.10131],[-1.3854,52.09415],[-1.42586,52.11825],[-1.45346,52.11301],[-1.44719,52.09763],[-1.4773,52.10135],[-1.4878,52.09396],[-1.52283,51.99684],[-1.55722,51.99166],[-1.54955,51.98085],[-1.56354,51.97704],[-1.6003,51.97694],[-1.59163,51.97045],[-1.61234,51.9554],[-1.66575,51.98749],[-1.66575,51.9974],[-1.61752,52.0334],[-1.62446,52.03895],[-1.66382,52.03127],[-1.69398,52.03953],[-1.68864,52.05183],[-1.70505,52.05963],[-1.7017,52.07283],[-1.71311,52.06655],[-1.73066,52.07329],[-1.72856,52.10012],[-1.74591,52.09283],[-1.76769,52.11258],[-1.80229,52.09694],[-1.81274,52.07874],[-1.81894,52.0854],[-1.83175,52.07277],[-1.84662,52.07942],[-1.87441,52.06999],[-1.86345,52.05342],[-1.83459,52.04373],[-1.82502,52.03093],[-1.83905,52.00678],[-1.91345,52.04446],[-1.9317,52.02989],[-1.95137,52.0377],[-1.98414,52.03588],[-2.03836,52.0046],[-2.04951,52.0038],[-2.06078,52.01466],[-2.08487,52.01048],[-2.1122,52.01534],[-2.14069,51.99946],[-2.14966,52.01126],[-2.1394,52.02789],[-2.11722,52.03361],[-2.11839,52.04212],[-2.17137,52.04761],[-2.18068,52.04173],[-2.17691,52.02256],[-2.18768,52.01908],[-2.16463,51.99614],[-2.18075,51.99962],[-2.18508,51.99056],[-2.22061,51.9955],[-2.25136,51.96656],[-2.27056,51.96894],[-2.30043,51.96678],[-2.31262,51.9765],[-2.32654,51.97579],[-2.32471,52.00357],[-2.35254,52.01354],[-2.35138,52.02136],[-2.39289,52.01296],[-2.39902,51.99615],[-2.4132,51.99409],[-2.43729,51.99717],[-2.43656,52.0148],[-2.46337,52.01404],[-2.46404,52.02325],[-2.47893,52.02253],[-2.49198,52.00766],[-2.47099,51.99474],[-2.49491,51.98108],[-2.49224,51.96413],[-2.50091,51.96061],[-2.46557,51.9517],[-2.46604,51.92797],[-2.44818,51.91867],[-2.43927,51.89738],[-2.48779,51.88042],[-2.50862,51.88517],[-2.53162,51.86077],[-2.58076,51.86159],[-2.58282,51.84958],[-2.60122,51.85622],[-2.62547,51.83896],[-2.63671,51.8431],[-2.6504,51.82612],[-2.6662,51.83562],[-2.6933,51.83384],[-2.6973,51.84481],[-2.71513,51.84024],[-2.71967,51.84887],[-2.73885,51.83662],[-2.7788,51.86586],[-2.76831,51.88044],[-2.83611,51.90605],[-2.84195,51.91773],[-2.86187,51.91398],[-2.845,51.92209],[-2.87784,51.93381],[-2.97185,51.90498],[-2.97667,51.92749],[-3.00812,51.92713],[-3.02593,51.95727],[-3.06738,51.98314],[-3.0992,52.02269],[-3.08629,52.04019],[-3.09059,52.05051],[-3.1259,52.07831],[-3.12268,52.10315],[-3.10535,52.10542],[-3.10492,52.11674],[-3.14192,52.12787],[-3.13587,52.13791],[-3.09369,52.14431],[-3.07254,52.15577],[-3.08254,52.16305],[-3.0989,52.15473],[-3.12243,52.16342],[-3.09465,52.18374],[-3.10208,52.20272],[-3.07209,52.21309],[-3.07304,52.23588],[-3.04422,52.23793],[-3.04832,52.25023],[-3.03586,52.25676],[-3.00578,52.26426],[-2.97718,52.25969],[-2.94963,52.26947],[-3.01262,52.27921],[-3.00087,52.32177],[-2.9668,52.32945],[-2.95465,52.34915],[-2.9745,52.3547],[-3.04017,52.34433],[-3.06066,52.34824],[-3.11061,52.37719],[-3.15445,52.38772],[-3.17885,52.40945],[-3.21954,52.42125],[-3.23555,52.44251],[-3.19724,52.47599],[-3.18021,52.47393],[-3.11102,52.49893],[-3.0292,52.50127],[-3.03238,52.52373],[-3.00387,52.51983],[-2.99416,52.55291],[-3.01423,52.5755],[-3.08728,52.55133],[-3.08541,52.5345],[-3.13308,52.52747],[-3.13704,52.53404],[-3.1115,52.54136],[-3.1395,52.58572],[-3.11741,52.58576],[-3.08956,52.59951],[-3.09362,52.60934],[-3.07319,52.62896],[-3.05982,52.63071],[-3.08357,52.64129],[-3.05112,52.64737],[-3.03858,52.67537],[-3.04705,52.69127],[-3.02249,52.70667],[-3.02036,52.7251],[-3.00055,52.72028],[-2.97759,52.72659],[-2.9781,52.71536],[-2.96108,52.71647],[-2.96507,52.73227],[-2.99132,52.73382],[-2.99199,52.74376],[-3.02181,52.75194],[-3.01081,52.75847],[-3.01715,52.76762],[-3.03536,52.76403],[-3.03899,52.77039],[-3.05254,52.76859],[-3.04779,52.77264],[-3.07952,52.77151],[-3.09168,52.78666],[-3.08663,52.79559],[-3.11829,52.78358],[-3.16086,52.79575],[-3.15319,52.80637],[-3.16821,52.80733],[-3.16789,52.81927],[-3.15126,52.84256],[-3.16301,52.84749],[-3.12771,52.8671],[-3.15242,52.87875],[-3.13552,52.88501],[-3.1475,52.89017],[-3.11416,52.89398],[-3.09603,52.93033],[-3.07651,52.92548],[-3.03512,52.92946],[-3.00965,52.9562],[-2.98202,52.9592],[-2.97503,52.96898],[-2.95981,52.95117],[-2.92889,52.93868],[-2.88743,52.95253],[-2.88354,52.94664],[-2.84101,52.94262],[-2.79885,52.89576],[-2.75533,52.92463],[-2.72844,52.9253],[-2.72418,52.95712],[-2.73529,52.96995],[-2.72684,52.98327],[-2.69929,52.99544],[-2.67466,52.98566],[-2.63265,52.99667],[-2.59489,52.97961],[-2.59769,52.96301],[-2.58641,52.95538],[-2.56126,52.96495],[-2.52952,52.94716],[-2.52136,52.97434],[-2.48113,52.95884],[-2.43467,52.96956],[-2.43676,52.98626],[-2.38079,52.99841],[-2.38304,53.00779],[-2.37042,53.01453],[-2.38423,53.02617],[-2.38148,53.05248],[-2.34759,53.05617],[-2.31806,53.08141],[-2.29338,53.07833],[-2.25325,53.09398],[-2.24742,53.08987],[-2.21131,53.11582],[-2.15555,53.15965],[-2.14142,53.15661],[-2.14036,53.18385],[-2.11187,53.16864],[-2.07022,53.17165],[-2.04611,53.19278],[-2.00175,53.19296],[-1.98738,53.2136],[-1.96236,53.22624],[-1.95671,53.21375],[-1.89868,53.20004],[-1.86082,53.18847]]]}},{"type":"Feature","properties":{"id":"E12000006","name":"East of England","type":"region"},"geometry":{"type":"MultiPolygon","coordinates":[[[[0.64583,51.53922],[0.62743,51.53309],[0.62709,51.53258],[0.6267,51.53213],[0.62592,51.53225],[0.60903,51.53483],[0.62428,51.53643],[0.62435,51.53629],[0.62662,51.5366],[0.64583,51.53922]]],[[[0.83749,51.58518],[0.82295,51.56488],[0.80807,51.58563],[0.83014,51.59597],[0.83749,51.58518]]],[[[0.88447,51.5685],[0.86637,51.55894],[0.84015,51.56164],[0.82578,51.56447],[0.83865,51.58148],[0.84008,51.58202],[0.838,51.59362],[0.86683,51.59519],[0.87437,51.61415],[0.88743,51.61516],[0.95752,51.62053],[0.92987,51.59245],[0.88447,51.5685]]],[[[0.7877,51.72231],[0.77013,51.71905],[0.75464,51.72486],[0.76975,51.72683],[0.7877,51.72231]]],[[[0.72118,51.73065],[0.72617,51.71705],[0.70813,51.71964],[0.72118,51.73065]]],[[[0.94556,51.7747],[0.90236,51.7737],[0.90184,51.78613],[0.92459,51.7956],[0.94277,51.80675],[0.96585,51.80868],[0.99913,51.80193],[0.99999,51.79314],[0.94556,51.7747]]],[[[1.2629,51.88022],[1.26374,51.87304],[1.25505,51.87453],[1.2629,51.88022]]],[[[1.25745,51.88347],[1.24459,51.86889],[1.22642,51.87531],[1.22969,51.88147],[1.25745,51.88347]]],[[[1.23395,51.89368],[1.24267,51.88659],[1.23156,51.88749],[1.23395,51.89368]]],[[[1.00686,52.9743],[1.01022,52.97352],[1.12422,52.95132],[1.13177,52.95054],[1.13205,52.95048],[1.14017,52.94967],[1.27229,52.93587],[1.30105,52.93285],[1.3601,52.90988],[1.43214,52.88179],[1.56012,52.81541],[1.58646,52.8017],[1.67484,52.74259],[1.67487,52.74257],[1.69757,52.72354],[1.69946,52.71989],[1.7138,52.69222],[1.73717,52.64522],[1.74356,52.57428],[1.74002,52.57423],[1.74005,52.56759],[1.73321,52.55689],[1.74023,52.53258],[1.74023,52.53209],[1.74023,52.53208],[1.76371,52.48165],[1.75658,52.47197],[1.75767,52.47693],[1.71087,52.47482],[1.75623,52.47149],[1.73494,52.44915],[1.73479,52.44811],[1.73346,52.44677],[1.73108,52.42234],[1.72803,52.40121],[1.72157,52.38991],[1.70323,52.35998],[1.67487,52.31364],[1.67242,52.3141],[1.66502,52.30707],[1.64994,52.30017],[1.63451,52.27904],[1.63437,52.27791],[1.63325,52.27684],[1.62311,52.18854],[1.62057,52.18265],[1.58011,52.08872],[1.58004,52.08858],[1.57953,52.08737],[1.47719,52.05176],[1.49982,52.06164],[1.53528,52.0771],[1.54158,52.07918],[1.56223,52.08766],[1.56715,52.09097],[1.56776,52.09146],[1.56122,52.0884],[1.54145,52.07979],[1.51796,52.07587],[1.50367,52.07069],[1.50126,52.07072],[1.5005,52.07032],[1.45112,52.04418],[1.46324,52.04828],[1.4627,52.04671],[1.4625,52.04664],[1.43196,52.00714],[1.39368,51.98654],[1.39534,51.99939],[1.36074,52.00627],[1.39148,51.98938],[1.38931,51.98239],[1.38262,51.97578],[1.3445,51.95692],[1.31993,51.93312],[1.3157,51.95128],[1.31568,51.95141],[1.28444,51.96529],[1.28233,51.96925],[1.28028,51.99308],[1.20459,52.01433],[1.20273,52.01486],[1.18254,52.02051],[1.17885,52.02155],[1.16624,52.02986],[1.16071,52.03161],[1.15903,52.03196],[1.15639,52.03478],[1.15052,52.03372],[1.14907,52.03402],[1.14979,52.03359],[1.16733,52.0231],[1.16987,52.02039],[1.17763,52.01694],[1.18008,52.01547],[1.20366,52.00135],[1.21183,51.99645],[1.26726,51.98782],[1.27557,51.95755],[1.2724,51.95707],[1.24295,51.96139],[1.21977,51.95287],[1.20032,51.95449],[1.18778,51.95553],[1.16352,51.97059],[1.13037,51.95352],[1.08573,51.95901],[1.06868,51.95042],[1.06589,51.94902],[1.05392,51.953],[1.06186,51.94595],[1.11948,51.94005],[1.17012,51.948],[1.18055,51.94175],[1.19934,51.94083],[1.22733,51.93946],[1.24615,51.94847],[1.27712,51.93917],[1.29089,51.9487],[1.29609,51.93709],[1.29662,51.93558],[1.28512,51.93686],[1.24972,51.9162],[1.25288,51.9146],[1.258,51.91201],[1.25202,51.90217],[1.24628,51.89575],[1.25096,51.90224],[1.23413,51.90329],[1.22601,51.90379],[1.21204,51.89663],[1.2283,51.89054],[1.21244,51.89036],[1.19902,51.88478],[1.20984,51.87852],[1.2091,51.87835],[1.19467,51.87513],[1.17819,51.87145],[1.19424,51.869],[1.21869,51.87815],[1.22467,51.8803],[1.21159,51.86635],[1.22641,51.87213],[1.23244,51.85507],[1.2358,51.86144],[1.24922,51.86231],[1.25,51.85612],[1.2526,51.86375],[1.2666,51.86365],[1.26915,51.85178],[1.26993,51.86363],[1.26851,51.86364],[1.26779,51.87711],[1.2699,51.87731],[1.26401,51.88611],[1.26507,51.8857],[1.28901,51.87484],[1.29011,51.8714],[1.28785,51.86198],[1.26766,51.84458],[1.25306,51.83359],[1.23185,51.8176],[1.12895,51.77544],[1.05472,51.76951],[1.04338,51.76971],[1.01779,51.8012],[1.04379,51.80245],[1.06042,51.81169],[1.06421,51.81722],[1.06778,51.82108],[1.04624,51.82287],[1.06318,51.81755],[1.05443,51.81084],[1.01284,51.80486],[0.98408,51.83506],[1.02095,51.83477],[0.98519,51.83897],[0.98362,51.84074],[0.98013,51.84466],[0.97782,51.84725],[0.97755,51.84755],[0.97755,51.84733],[0.97752,51.84089],[0.9775,51.83562],[0.96644,51.82941],[0.98224,51.81739],[0.96577,51.82263],[0.96193,51.83314],[0.95561,51.82939],[0.94345,51.82218],[0.99118,51.80725],[0.95991,51.81023],[0.91617,51.81145],[0.92075,51.805],[0.93703,51.80578],[0.92156,51.80385],[0.90414,51.80421],[0.89876,51.79271],[0.89242,51.77916],[0.86646,51.79279],[0.87229,51.78323],[0.84869,51.78727],[0.84169,51.7823],[0.82989,51.789],[0.84286,51.78103],[0.8433,51.78076],[0.87682,51.77937],[0.87725,51.77935],[0.87738,51.77924],[0.89085,51.76735],[0.85452,51.77176],[0.83683,51.77391],[0.83404,51.77147],[0.8562,51.76772],[0.83792,51.7681],[0.85309,51.76458],[0.85045,51.75703],[0.86158,51.7631],[0.88269,51.75768],[0.8562,51.74379],[0.84746,51.74749],[0.85302,51.74197],[0.84156,51.73876],[0.79229,51.74519],[0.78863,51.73665],[0.77674,51.74398],[0.73591,51.72947],[0.71373,51.73761],[0.70553,51.72381],[0.69923,51.72617],[0.71121,51.71349],[0.74701,51.71147],[0.74603,51.70486],[0.76919,51.70836],[0.73783,51.6872],[0.75694,51.69073],[0.76696,51.70274],[0.77158,51.70406],[0.79756,51.70795],[0.79348,51.71808],[0.81971,51.72108],[0.85221,51.71331],[0.88393,51.73569],[0.8946,51.74321],[0.89559,51.7433],[0.92685,51.74627],[0.93096,51.74603],[0.94901,51.72946],[0.93952,51.69862],[0.94707,51.68716],[0.95006,51.6835],[0.94647,51.67741],[0.94431,51.67393],[0.9428,51.66906],[0.94172,51.66191],[0.93445,51.63284],[0.90432,51.62255],[0.88787,51.6221],[0.85951,51.62133],[0.79387,51.6257],[0.78052,51.63063],[0.76367,51.63683],[0.78439,51.62428],[0.80784,51.62243],[0.86544,51.61543],[0.86502,51.59824],[0.85402,51.59583],[0.82043,51.59891],[0.81197,51.60313],[0.81907,51.5976],[0.79639,51.58639],[0.76434,51.58323],[0.8059,51.58608],[0.79342,51.57639],[0.80811,51.57871],[0.81775,51.56192],[0.85075,51.55634],[0.82097,51.54092],[0.82084,51.54086],[0.7821,51.52134],[0.66951,51.53847],[0.648,51.53835],[0.64641,51.53955],[0.62689,51.53826],[0.62645,51.53823],[0.62579,51.53813],[0.60833,51.53495],[0.59407,51.53747],[0.5721,51.54135],[0.59393,51.53502],[0.6221,51.52685],[0.61845,51.52027],[0.63686,51.52194],[0.59263,51.51213],[0.57336,51.50786],[0.55365,51.50988],[0.54862,51.51272],[0.54803,51.51574],[0.54317,51.51579],[0.51804,51.52996],[0.51801,51.52997],[0.50624,51.53825],[0.50906,51.53423],[0.52169,51.51624],[0.54125,51.51258],[0.44179,51.50083],[0.42337,51.51453],[0.4358,51.50012],[0.44557,51.49801],[0.44411,51.49346],[0.4339,51.46147],[0.40531,51.45399],[0.34086,51.45233],[0.31841,51.47416],[0.30238,51.47264],[0.29778,51.4722],[0.28145,51.46139],[0.21179,51.48975],[0.21416,51.49604],[0.22997,51.49937],[0.2266,51.50656],[0.24192,51.50796],[0.23718,51.51933],[0.24896,51.52867],[0.25383,51.51789],[0.26368,51.51787],[0.26535,51.53215],[0.33402,51.5405],[0.31304,51.56582],[0.29029,51.5643],[0.26987,51.59955],[0.25401,51.6016],[0.26456,51.60832],[0.25219,51.61777],[0.22409,51.63174],[0.20031,51.62494],[0.13818,51.62355],[0.07287,51.60467],[0.02182,51.62883],[0.02272,51.64112],[-0.01226,51.64623],[-0.01192,51.68088],[-0.10578,51.69188],[-0.16349,51.68812],[-0.18196,51.66868],[-0.19107,51.6639],[-0.20335,51.67013],[-0.21214,51.66135],[-0.25058,51.65606],[-0.25736,51.64182],[-0.30445,51.63635],[-0.31667,51.64054],[-0.36262,51.6235],[-0.404,51.61318],[-0.44058,51.62007],[-0.45713,51.61229],[-0.49683,51.63172],[-0.5006,51.59969],[-0.52053,51.60191],[-0.53926,51.63804],[-0.53689,51.66062],[-0.52278,51.6584],[-0.52099,51.66805],[-0.50511,51.67308],[-0.52427,51.68211],[-0.54869,51.68265],[-0.54402,51.69682],[-0.56321,51.71188],[-0.55041,51.72304],[-0.55365,51.73402],[-0.57488,51.73697],[-0.58638,51.75212],[-0.61294,51.74743],[-0.67013,51.76647],[-0.69019,51.79234],[-0.68539,51.80019],[-0.7093,51.82054],[-0.72423,51.81814],[-0.74584,51.84184],[-0.71742,51.85716],[-0.69643,51.85816],[-0.68677,51.84922],[-0.69545,51.84111],[-0.66725,51.81581],[-0.63294,51.81995],[-0.58183,51.80691],[-0.56066,51.83008],[-0.55361,51.82675],[-0.54373,51.82458],[-0.53762,51.83147],[-0.58356,51.87032],[-0.62009,51.88549],[-0.65199,51.88685],[-0.67297,51.90175],[-0.69331,51.90035],[-0.70216,51.90912],[-0.65302,51.96925],[-0.64568,51.97223],[-0.66169,51.99974],[-0.64346,52.0109],[-0.65096,52.01855],[-0.6402,52.02407],[-0.64305,52.03725],[-0.66898,52.04872],[-0.59181,52.11069],[-0.60725,52.13387],[-0.63545,52.13925],[-0.64077,52.15282],[-0.63069,52.15502],[-0.62745,52.18155],[-0.66814,52.19503],[-0.63733,52.22732],[-0.65366,52.26829],[-0.60334,52.2788],[-0.56569,52.25347],[-0.54197,52.25607],[-0.53119,52.2704],[-0.54197,52.28994],[-0.51405,52.3147],[-0.51983,52.31769],[-0.46537,52.32295],[-0.46666,52.33893],[-0.48326,52.3409],[-0.47768,52.34892],[-0.4987,52.3601],[-0.48852,52.37402],[-0.49595,52.37952],[-0.44151,52.385],[-0.41707,52.4116],[-0.36241,52.43353],[-0.37022,52.43993],[-0.34159,52.46694],[-0.3594,52.48983],[-0.35435,52.5065],[-0.4136,52.52568],[-0.40128,52.53868],[-0.41959,52.55896],[-0.40729,52.56405],[-0.41538,52.57874],[-0.47881,52.57365],[-0.49266,52.5819],[-0.47092,52.62356],[-0.49469,52.64027],[-0.45283,52.65427],[-0.40569,52.64806],[-0.35008,52.66167],[-0.33504,52.67487],[-0.28924,52.67028],[-0.26075,52.65142],[-0.2125,52.66668],[-0.19287,52.65244],[-0.18002,52.66056],[-0.14106,52.65151],[-0.1022,52.67221],[-0.08775,52.66679],[-0.06371,52.67523],[-0.03127,52.66153],[0.0215,52.66489],[0.04857,52.6814],[0.04415,52.71438],[0.06363,52.72739],[0.08901,52.72363],[0.13298,52.7393],[0.17163,52.73803],[0.18632,52.73535],[0.27223,52.77281],[0.24504,52.78447],[0.26573,52.81391],[0.26745,52.81322],[0.28506,52.81183],[0.2784,52.81611],[0.28756,52.81923],[0.29038,52.81313],[0.31549,52.81884],[0.34459,52.81427],[0.33435,52.8102],[0.34589,52.8136],[0.33893,52.80765],[0.35209,52.80936],[0.34533,52.8033],[0.35383,52.80631],[0.36245,52.79666],[0.37092,52.78267],[0.38854,52.75356],[0.39227,52.74739],[0.38933,52.75355],[0.37465,52.78433],[0.38146,52.78876],[0.37415,52.78529],[0.37129,52.78942],[0.36277,52.80167],[0.3703,52.80236],[0.35825,52.80776],[0.37248,52.81123],[0.38121,52.81336],[0.37257,52.81293],[0.35755,52.81218],[0.37299,52.82063],[0.40261,52.83683],[0.41165,52.83256],[0.40508,52.83769],[0.433,52.8531],[0.44456,52.85344],[0.44959,52.84242],[0.44488,52.87286],[0.48028,52.93151],[0.49025,52.948],[0.54163,52.97517],[0.56935,52.9753],[0.56164,52.97191],[0.57626,52.96402],[0.58638,52.9729],[0.58699,52.96595],[0.59222,52.97096],[0.59008,52.96468],[0.60348,52.96579],[0.58793,52.97707],[0.61775,52.97273],[0.61393,52.96601],[0.62624,52.96739],[0.62278,52.97379],[0.67158,52.97752],[0.66885,52.97006],[0.63862,52.97087],[0.64347,52.96622],[0.67888,52.96732],[0.68472,52.9675],[0.70007,52.97353],[0.68004,52.96948],[0.6938,52.97898],[0.71551,52.97185],[0.74805,52.9748],[0.75054,52.97258],[0.7463,52.96618],[0.7476,52.9726],[0.73175,52.97271],[0.7316,52.96114],[0.75783,52.96938],[0.75363,52.97509],[0.76448,52.97659],[0.75059,52.97674],[0.78152,52.9784],[0.78199,52.97832],[0.81251,52.97327],[0.84537,52.97766],[0.85102,52.95778],[0.86962,52.95479],[0.87232,52.96039],[0.86756,52.96699],[0.85707,52.96025],[0.86303,52.96777],[0.85482,52.96675],[0.8666,52.97868],[0.87811,52.97586],[0.88615,52.96406],[0.89419,52.97078],[0.90525,52.96806],[0.89425,52.96005],[0.90544,52.96244],[0.90932,52.95688],[0.91064,52.96332],[0.9169,52.96246],[0.91462,52.96366],[0.92098,52.96619],[0.93651,52.95767],[0.97645,52.96283],[0.98399,52.9638],[1.01451,52.963],[1.0106,52.95502],[1.03053,52.96661],[1.00295,52.97389],[0.97708,52.97191],[0.96986,52.97136],[0.95801,52.96931],[0.97497,52.98035],[0.97762,52.97985],[1.00686,52.9743]]],[[[0.68944,52.98786],[0.751,52.97817],[0.72173,52.98249],[0.71659,52.97736],[0.71893,52.98277],[0.71104,52.9787],[0.7035,52.98376],[0.70093,52.97917],[0.70337,52.98522],[0.69761,52.98067],[0.69036,52.98699],[0.69651,52.98088],[0.68542,52.98323],[0.68211,52.97741],[0.68589,52.98674],[0.68007,52.98664],[0.65805,52.98627],[0.68012,52.98739],[0.68944,52.98786]]]]}},{"type":"Feature","properties":{"id":"E12000007","name":"London","type":"region"},"geometry":{"type":"Polygon","coordinates":[[[-0.01192,51.68088],[-0.01226,51.64623],[0.02272,51.64112],[0.02182,51.62883],[0.07287,51.60467],[0.13818,51.62355],[0.20031,51.62494],[0.22409,51.63174],[0.25219,51.61777],[0.26456,51.60832],[0.25401,51.6016],[0.26987,51.59955],[0.29029,51.5643],[0.31304,51.56582],[0.33402,51.5405],[0.26535,51.53215],[0.26368,51.51787],[0.25383,51.51789],[0.24896,51.52867],[0.23718,51.51933],[0.24192,51.50796],[0.2266,51.50656],[0.22997,51.49937],[0.21416,51.49604],[0.21179,51.48975],[0.21058,51.49025],[0.18766,51.48789],[0.18202,51.49863],[0.17851,51.5053],[0.16012,51.51178],[0.15874,51.51227],[0.12687,51.51957],[0.09814,51.51496],[0.09812,51.51495],[0.06578,51.50073],[0.06039,51.49836],[0.02025,51.49942],[0.01758,51.50157],[0.01572,51.50306],[0.00919,51.50833],[0.00813,51.5081],[0.0057,51.50759],[-0.00577,51.50514],[-0.00625,51.50198],[-0.00848,51.48709],[-0.01069,51.48705],[-0.02537,51.4903],[-0.02828,51.50235],[-0.02986,51.50891],[-0.04549,51.50939],[-0.05962,51.50288],[-0.05969,51.50284],[-0.05984,51.50288],[-0.07937,51.50781],[-0.07298,51.50503],[-0.06837,51.50302],[-0.06295,51.50066],[-0.05387,51.50278],[-0.03589,51.50698],[-0.03475,51.50246],[-0.03238,51.49306],[-0.0323,51.49298],[-0.02483,51.48553],[-0.02202,51.48367],[-0.01708,51.4804],[-0.01956,51.47816],[-0.02267,51.47536],[-0.01915,51.47724],[0.00197,51.48851],[0.00149,51.50185],[0.0014,51.50423],[0.00139,51.50469],[0.002,51.50436],[0.0069,51.50176],[0.01547,51.4972],[0.02157,51.49395],[0.05803,51.49405],[0.07668,51.49591],[0.08202,51.50045],[0.09081,51.50792],[0.09211,51.50902],[0.09356,51.50915],[0.11868,51.51132],[0.12023,51.51145],[0.16251,51.5048],[0.16881,51.49936],[0.16922,51.49886],[0.18362,51.48106],[0.21762,51.48047],[0.22118,51.4788],[0.20337,51.45432],[0.17284,51.44329],[0.16433,51.42858],[0.15588,51.43088],[0.15293,51.40871],[0.14887,51.40843],[0.16238,51.39249],[0.14774,51.3928],[0.15206,51.36969],[0.13696,51.34417],[0.11846,51.34415],[0.1179,51.32965],[0.08503,51.31602],[0.08569,51.29308],[0.0424,51.29267],[0.03291,51.30752],[0.01501,51.29179],[0.00226,51.32913],[-0.03792,51.33872],[-0.05131,51.32245],[-0.07891,51.31977],[-0.09122,51.30148],[-0.1243,51.28679],[-0.13725,51.30076],[-0.15532,51.30127],[-0.15652,51.32149],[-0.19732,51.3436],[-0.22084,51.3298],[-0.22982,51.33652],[-0.21726,51.34339],[-0.22274,51.35709],[-0.24538,51.36689],[-0.24503,51.38006],[-0.261,51.37959],[-0.28847,51.36213],[-0.30619,51.33508],[-0.33066,51.32901],[-0.33051,51.34842],[-0.30737,51.37838],[-0.3177,51.39367],[-0.32782,51.39184],[-0.35914,51.4119],[-0.38335,51.40854],[-0.39132,51.42232],[-0.45647,51.43811],[-0.45872,51.45634],[-0.50981,51.46921],[-0.49002,51.49475],[-0.48322,51.50708],[-0.49549,51.53855],[-0.47662,51.55919],[-0.5006,51.59969],[-0.49683,51.63172],[-0.45713,51.61229],[-0.44058,51.62007],[-0.404,51.61318],[-0.36262,51.6235],[-0.31667,51.64054],[-0.30445,51.63635],[-0.25736,51.64182],[-0.25058,51.65606],[-0.21214,51.66135],[-0.20335,51.67013],[-0.19107,51.6639],[-0.18196,51.66868],[-0.16349,51.68812],[-0.10578,51.69188],[-0.01192,51.68088]]]}},{"type":"Feature","properties":{"id":"E12000008","name":"South East","type":"region"},"geometry":{"type":"MultiPolygon","coordinates":[[[[-1.31218,50.76718],[-1.29611,50.7618],[-1.2949,50.76201],[-1.28296,50.73003],[-1.29139,50.7626],[-1.27459,50.76544],[-1.24779,50.75187],[-1.24252,50.73854],[-1.23491,50.74328],[-1.22799,50.74154],[-1.21645,50.73517],[-1.21665,50.73494],[-1.21601,50.73492],[-1.21456,50.73412],[-1.19088,50.73426],[-1.15458,50.73329],[-1.15118,50.73236],[-1.1087,50.7207],[-1.09609,50.69439],[-1.10289,50.69988],[-1.10829,50.6935],[-1.086,50.69433],[-1.07024,50.6875],[-1.09854,50.66497],[-1.09927,50.66491],[-1.12349,50.66372],[-1.12588,50.66279],[-1.13172,50.66233],[-1.15262,50.65291],[-1.16036,50.64941],[-1.17603,50.61678],[-1.1854,50.59724],[-1.30144,50.57554],[-1.35977,50.60968],[-1.37388,50.61801],[-1.38897,50.62692],[-1.43568,50.64028],[-1.44808,50.64382],[-1.48156,50.66496],[-1.48411,50.66664],[-1.48421,50.66663],[-1.48441,50.66676],[-1.5865,50.66313],[-1.58385,50.66419],[-1.54822,50.67828],[-1.52213,50.70702],[-1.5203,50.70712],[-1.50157,50.70681],[-1.50967,50.70581],[-1.49984,50.69795],[-1.49659,50.70093],[-1.50393,50.70565],[-1.46946,50.70956],[-1.43469,50.72327],[-1.42809,50.72587],[-1.41697,50.72523],[-1.41175,50.72438],[-1.42201,50.72462],[-1.41299,50.71862],[-1.41424,50.7153],[-1.41306,50.70353],[-1.4119,50.71448],[-1.39774,50.71045],[-1.40812,50.71908],[-1.38482,50.72248],[-1.40357,50.72656],[-1.39526,50.72882],[-1.3533,50.73909],[-1.31218,50.76718]]],[[[-1.09261,50.81511],[-1.10147,50.81359],[-1.0965,50.82064],[-1.09261,50.81511]]],[[[-0.95097,50.82379],[-0.95722,50.80757],[-0.97333,50.80903],[-0.95275,50.80112],[-0.95926,50.79491],[-0.96737,50.78719],[-0.95123,50.78702],[-0.95887,50.78115],[-0.93759,50.78732],[-0.93888,50.77759],[-0.95871,50.77954],[-1.02389,50.78815],[-1.025,50.79548],[-1.02508,50.79603],[-0.99452,50.79837],[-0.98327,50.82073],[-0.99008,50.82698],[-0.96757,50.83482],[-0.95097,50.82379]]],[[[-1.04423,50.83169],[-1.04425,50.79564],[-1.04425,50.79051],[-1.03384,50.79555],[-1.03143,50.79671],[-1.03102,50.79553],[-1.02886,50.78936],[-1.08852,50.77773],[-1.09603,50.78215],[-1.10892,50.79044],[-1.10983,50.79616],[-1.11152,50.8069],[-1.09118,50.80907],[-1.09471,50.8118],[-1.09063,50.8165],[-1.09403,50.82301],[-1.10022,50.82669],[-1.08447,50.82482],[-1.07581,50.83701],[-1.04423,50.83169]]],[[[0.60811,51.40154],[0.61532,51.39538],[0.59701,51.39608],[0.60811,51.40154]]],[[[0.58257,51.40313],[0.56152,51.40223],[0.56444,51.40795],[0.58257,51.40313]]],[[[0.68297,51.41265],[0.69451,51.39676],[0.67264,51.39841],[0.66593,51.40628],[0.68297,51.41265]]],[[[0.6788,51.42352],[0.68778,51.41443],[0.66006,51.41763],[0.6788,51.42352]]],[[[0.90137,51.41683],[0.95017,51.37213],[0.8968,51.35447],[0.87164,51.36472],[0.8577,51.3704],[0.85669,51.36493],[0.84053,51.37165],[0.8513,51.36483],[0.83945,51.36365],[0.80629,51.37229],[0.76619,51.36997],[0.76427,51.38826],[0.73268,51.40028],[0.72166,51.41443],[0.73245,51.40895],[0.74688,51.41534],[0.73544,51.42437],[0.74938,51.44606],[0.78395,51.44084],[0.79082,51.43957],[0.82392,51.42564],[0.87509,51.41982],[0.90137,51.41683]]],[[[-0.62745,52.18155],[-0.63069,52.15502],[-0.64077,52.15282],[-0.63545,52.13925],[-0.60725,52.13387],[-0.59181,52.11069],[-0.66898,52.04872],[-0.64305,52.03725],[-0.6402,52.02407],[-0.65096,52.01855],[-0.64346,52.0109],[-0.66169,51.99974],[-0.64568,51.97223],[-0.65302,51.96925],[-0.70216,51.90912],[-0.69331,51.90035],[-0.67297,51.90175],[-0.65199,51.88685],[-0.62009,51.88549],[-0.58356,51.87032],[-0.53762,51.83147],[-0.54373,51.82458],[-0.55361,51.82675],[-0.56066,51.83008],[-0.58183,51.80691],[-0.63294,51.81995],[-0.66725,51.81581],[-0.69545,51.84111],[-0.68677,51.84922],[-0.69643,51.85816],[-0.71742,51.85716],[-0.74584,51.84184],[-0.72423,51.81814],[-0.7093,51.82054],[-0.68539,51.80019],[-0.69019,51.79234],[-0.67013,51.76647],[-0.61294,51.74743],[-0.58638,51.75212],[-0.57488,51.73697],[-0.55365,51.73402],[-0.55041,51.72304],[-0.56321,51.71188],[-0.54402,51.69682],[-0.54869,51.68265],[-0.52427,51.68211],[-0.50511,51.67308],[-0.52099,51.66805],[-0.52278,51.6584],[-0.53689,51.66062],[-0.53926,51.63804],[-0.52053,51.60191],[-0.5006,51.59969],[-0.47662,51.55919],[-0.49549,51.53855],[-0.48322,51.50708],[-0.49002,51.49475],[-0.50981,51.46921],[-0.45872,51.45634],[-0.45647,51.43811],[-0.39132,51.42232],[-0.38335,51.40854],[-0.35914,51.4119],[-0.32782,51.39184],[-0.3177,51.39367],[-0.30737,51.37838],[-0.33051,51.34842],[-0.33066,51.32901],[-0.30619,51.33508],[-0.28847,51.36213],[-0.261,51.37959],[-0.24503,51.38006],[-0.24538,51.36689],[-0.22274,51.35709],[-0.21726,51.34339],[-0.22982,51.33652],[-0.22084,51.3298],[-0.19732,51.3436],[-0.15652,51.32149],[-0.15532,51.30127],[-0.13725,51.30076],[-0.1243,51.28679],[-0.09122,51.30148],[-0.07891,51.31977],[-0.05131,51.32245],[-0.03792,51.33872],[0.00226,51.32913],[0.01501,51.29179],[0.03291,51.30752],[0.0424,51.29267],[0.08569,51.29308],[0.08503,51.31602],[0.1179,51.32965],[0.11846,51.34415],[0.13696,51.34417],[0.15206,51.36969],[0.14774,51.3928],[0.16238,51.39249],[0.14887,51.40843],[0.15293,51.40871],[0.15588,51.43088],[0.16433,51.42858],[0.17284,51.44329],[0.20337,51.45432],[0.22118,51.4788],[0.2745,51.45368],[0.3018,51.4612],[0.31524,51.4649],[0.3154,51.46495],[0.32527,51.45024],[0.38199,51.44351],[0.44025,51.44742],[0.4593,51.45553],[0.45756,51.4583],[0.45435,51.46342],[0.46773,51.4643],[0.45812,51.46696],[0.46846,51.48266],[0.54608,51.48714],[0.59077,51.47937],[0.61524,51.47511],[0.65995,51.47767],[0.69028,51.45938],[0.67134,51.47226],[0.70032,51.4726],[0.72051,51.45976],[0.72348,51.44451],[0.71034,51.43483],[0.67784,51.43318],[0.672,51.44801],[0.65892,51.44737],[0.63604,51.44624],[0.619,51.43746],[0.60521,51.42055],[0.61735,51.42843],[0.62375,51.42412],[0.61088,51.4174],[0.58704,51.41345],[0.56355,51.40955],[0.53246,51.41268],[0.51566,51.40036],[0.52258,51.3851],[0.53755,51.41028],[0.56097,51.39479],[0.58565,51.38873],[0.59453,51.38655],[0.6021,51.39064],[0.59674,51.38683],[0.61205,51.37885],[0.61961,51.38816],[0.63237,51.38894],[0.63454,51.38907],[0.62695,51.37475],[0.64801,51.39756],[0.6701,51.37329],[0.68697,51.39166],[0.70292,51.39244],[0.69525,51.37979],[0.71436,51.38418],[0.69655,51.42],[0.72779,51.42045],[0.71621,51.4131],[0.72628,51.39914],[0.76371,51.38196],[0.76435,51.36287],[0.73451,51.34571],[0.76685,51.36232],[0.81356,51.35849],[0.81623,51.34618],[0.81719,51.35635],[0.86616,51.35585],[0.87097,51.35404],[0.89717,51.34419],[0.88011,51.32867],[0.8946,51.33634],[0.91534,51.32938],[0.89677,51.34144],[0.9504,51.3456],[0.95041,51.3456],[1.00525,51.3492],[1.03318,51.36558],[1.15969,51.37472],[1.22418,51.37933],[1.22483,51.37934],[1.31507,51.38031],[1.37897,51.39123],[1.39389,51.39325],[1.42496,51.39378],[1.44121,51.38745],[1.44198,51.38684],[1.4459,51.35844],[1.44591,51.3584],[1.4459,51.35839],[1.42469,51.32601],[1.42318,51.33138],[1.41457,51.32749],[1.42355,51.32434],[1.37775,51.32926],[1.3585,51.31204],[1.35789,51.31149],[1.37136,51.3139],[1.37866,51.29568],[1.37864,51.29237],[1.40486,51.23008],[1.40537,51.17473],[1.39538,51.15647],[1.37677,51.1408],[1.34287,51.131],[1.34291,51.13026],[1.34274,51.13022],[1.34325,51.12354],[1.34333,51.12183],[1.3385,51.12743],[1.33758,51.12725],[1.31651,51.12304],[1.32307,51.11409],[1.31011,51.11679],[1.31765,51.11449],[1.31366,51.11478],[1.32776,51.11137],[1.31727,51.1122],[1.3023,51.11337],[1.30024,51.11268],[1.26766,51.10174],[1.22114,51.09809],[1.22002,51.0975],[1.18551,51.07942],[1.19483,51.07594],[1.13881,51.06895],[1.06045,51.05912],[0.99675,51.02459],[0.96443,50.9688],[0.97099,50.94162],[0.97791,50.91288],[0.9432,50.91554],[0.85508,50.92391],[0.85471,50.92394],[0.84446,50.92485],[0.77201,50.93125],[0.77491,50.92734],[0.75907,50.92246],[0.75868,50.92239],[0.75846,50.92227],[0.72973,50.91342],[0.65858,50.86992],[0.65792,50.86976],[0.64577,50.86675],[0.52487,50.84522],[0.50277,50.84251],[0.50071,50.84226],[0.37782,50.82041],[0.37749,50.82035],[0.33931,50.79914],[0.3392,50.79906],[0.31,50.77668],[0.26641,50.74323],[0.26036,50.73858],[0.20997,50.73849],[0.20982,50.73853],[0.15553,50.75684],[0.14998,50.7587],[0.14894,50.75906],[0.12197,50.7583],[0.10695,50.76394],[0.06835,50.78182],[0.05955,50.78169],[0.05834,50.78214],[0.05835,50.78167],[0.05581,50.78164],[0.05779,50.77608],[0.03373,50.78183],[-0.01496,50.79345],[-0.03848,50.79906],[-0.03856,50.79908],[-0.04285,50.79977],[-0.09247,50.81078],[-0.09194,50.80768],[-0.10943,50.8105],[-0.10898,50.81287],[-0.19172,50.8237],[-0.21603,50.82758],[-0.21682,50.82764],[-0.25148,50.83016],[-0.24906,50.82633],[-0.26679,50.82602],[-0.27787,50.82675],[-0.29766,50.82339],[-0.33264,50.81742],[-0.33312,50.81736],[-0.43566,50.80318],[-0.43596,50.80314],[-0.54199,50.80025],[-0.55605,50.79826],[-0.5683,50.79804],[-0.62671,50.78822],[-0.70217,50.77745],[-0.71275,50.77369],[-0.7257,50.7715],[-0.73415,50.7661],[-0.75237,50.75963],[-0.75315,50.76052],[-0.75313,50.76054],[-0.75195,50.76135],[-0.75127,50.76181],[-0.75104,50.76197],[-0.75083,50.76211],[-0.7506,50.76226],[-0.75043,50.76261],[-0.76304,50.77287],[-0.76376,50.77248],[-0.78685,50.75987],[-0.77184,50.76352],[-0.76175,50.75118],[-0.75106,50.75726],[-0.74996,50.75669],[-0.78467,50.72631],[-0.78916,50.72248],[-0.81866,50.73883],[-0.82354,50.74376],[-0.8441,50.75131],[-0.85955,50.75973],[-0.88078,50.76477],[-0.90684,50.77432],[-0.91532,50.78068],[-0.91535,50.78899],[-0.90805,50.78704],[-0.91214,50.78346],[-0.91088,50.78129],[-0.90516,50.78208],[-0.89201,50.79429],[-0.87751,50.80775],[-0.86603,50.8048],[-0.84458,50.79929],[-0.82546,50.8044],[-0.80774,50.83053],[-0.81379,50.83394],[-0.81976,50.81686],[-0.84272,50.80463],[-0.86583,50.81286],[-0.86876,50.8139],[-0.86575,50.81625],[-0.85119,50.82765],[-0.86123,50.82801],[-0.85841,50.83968],[-0.86518,50.83991],[-0.86993,50.84007],[-0.86548,50.8275],[-0.86536,50.82717],[-0.86549,50.82699],[-0.8768,50.81146],[-0.89217,50.81843],[-0.89404,50.83809],[-0.91308,50.83995],[-0.90792,50.79853],[-0.94263,50.81538],[-0.93248,50.84605],[-0.93449,50.84587],[-0.97451,50.84219],[-0.98124,50.83494],[-0.99876,50.8416],[-1.00077,50.85138],[-1.00262,50.84313],[-1.02064,50.839],[-1.02212,50.8358],[-1.02202,50.83532],[-1.02348,50.83341],[-1.02364,50.83315],[-1.02395,50.83159],[-1.02497,50.82644],[-1.03631,50.83543],[-1.07801,50.83732],[-1.08865,50.82845],[-1.10631,50.83789],[-1.10271,50.84608],[-1.11393,50.84353],[-1.11692,50.84285],[-1.11843,50.83728],[-1.15448,50.84506],[-1.17122,50.84085],[-1.17189,50.85661],[-1.17812,50.83814],[-1.17907,50.83766],[-1.17951,50.83731],[-1.17694,50.83743],[-1.1613,50.83811],[-1.15694,50.83753],[-1.15719,50.82338],[-1.1495,50.82512],[-1.14577,50.82596],[-1.1238,50.80616],[-1.13711,50.80229],[-1.12369,50.80406],[-1.11983,50.79623],[-1.11783,50.79219],[-1.14069,50.78345],[-1.11195,50.78953],[-1.13596,50.77656],[-1.14216,50.77345],[-1.15039,50.77628],[-1.18986,50.78982],[-1.19858,50.7968],[-1.21383,50.80901],[-1.21417,50.80927],[-1.30732,50.84129],[-1.30289,50.87701],[-1.30065,50.87964],[-1.30262,50.87921],[-1.30402,50.87891],[-1.31694,50.87612],[-1.31082,50.85077],[-1.31038,50.84896],[-1.31115,50.8494],[-1.36288,50.87875],[-1.36513,50.88003],[-1.38432,50.89155],[-1.38487,50.904],[-1.3717,50.91213],[-1.37628,50.91069],[-1.38796,50.9069],[-1.39325,50.88303],[-1.39902,50.89457],[-1.43246,50.90733],[-1.44261,50.9112],[-1.44706,50.90379],[-1.46512,50.91034],[-1.47451,50.92429],[-1.47706,50.92867],[-1.47708,50.9287],[-1.47732,50.92855],[-1.47965,50.93458],[-1.47816,50.92884],[-1.48171,50.9303],[-1.48509,50.93279],[-1.48578,50.93291],[-1.48571,50.93215],[-1.4841,50.9305],[-1.48198,50.92831],[-1.47405,50.9117],[-1.47899,50.91654],[-1.48878,50.9104],[-1.49075,50.91585],[-1.48899,50.91027],[-1.48776,50.90758],[-1.47826,50.91194],[-1.45911,50.90068],[-1.43258,50.89748],[-1.42665,50.89676],[-1.37824,50.85464],[-1.35747,50.8495],[-1.36056,50.84287],[-1.34027,50.84269],[-1.33942,50.82664],[-1.32458,50.82621],[-1.32598,50.81649],[-1.32591,50.81649],[-1.31147,50.81343],[-1.30784,50.82033],[-1.30783,50.82032],[-1.3086,50.8148],[-1.31698,50.80762],[-1.32663,50.80355],[-1.34255,50.78573],[-1.37373,50.78486],[-1.37498,50.78501],[-1.37544,50.78481],[-1.39833,50.78416],[-1.40818,50.78574],[-1.41299,50.78397],[-1.39264,50.77742],[-1.40014,50.77406],[-1.3995,50.77418],[-1.4095,50.76976],[-1.41049,50.76942],[-1.43418,50.76544],[-1.50243,50.75395],[-1.51959,50.75413],[-1.53529,50.76386],[-1.52593,50.74457],[-1.54188,50.73978],[-1.531,50.73697],[-1.55849,50.72079],[-1.58048,50.71827],[-1.56487,50.71098],[-1.55759,50.71023],[-1.55515,50.71435],[-1.55423,50.70694],[-1.56004,50.70872],[-1.62927,50.72879],[-1.64044,50.73211],[-1.69186,50.73733],[-1.68182,50.75185],[-1.74417,50.74746],[-1.73896,50.76327],[-1.74885,50.77949],[-1.7855,50.76475],[-1.8039,50.79597],[-1.81189,50.80864],[-1.8034,50.83034],[-1.79061,50.83631],[-1.80247,50.84296],[-1.80711,50.86332],[-1.83001,50.85527],[-1.85354,50.86346],[-1.84856,50.88989],[-1.81654,50.90395],[-1.81066,50.9272],[-1.84184,50.93168],[-1.87364,50.91723],[-1.92084,50.96141],[-1.95547,50.97827],[-1.95683,50.9898],[-1.94994,50.98231],[-1.92788,50.9977],[-1.88674,50.99953],[-1.87448,51.00633],[-1.87391,50.9845],[-1.85338,51.00468],[-1.83582,51.00947],[-1.81542,50.98592],[-1.80031,50.99139],[-1.7544,50.97789],[-1.71957,50.97679],[-1.66166,50.94528],[-1.63496,50.95924],[-1.61975,50.95857],[-1.60293,50.9785],[-1.61973,50.98303],[-1.62888,50.99903],[-1.59739,51.00975],[-1.5994,51.02373],[-1.63238,51.03278],[-1.63493,51.04044],[-1.62781,51.07823],[-1.63731,51.0922],[-1.62634,51.11732],[-1.66298,51.12719],[-1.65404,51.15625],[-1.67227,51.17855],[-1.66882,51.19076],[-1.6941,51.20404],[-1.68969,51.21483],[-1.63362,51.21759],[-1.60759,51.25279],[-1.57757,51.25558],[-1.54584,51.24525],[-1.53603,51.24855],[-1.52982,51.2608],[-1.5406,51.26083],[-1.54262,51.28124],[-1.52278,51.28706],[-1.51941,51.29595],[-1.53356,51.31622],[-1.52751,51.33844],[-1.49829,51.32936],[-1.48562,51.34765],[-1.50063,51.35632],[-1.49537,51.36966],[-1.5556,51.39554],[-1.55292,51.41004],[-1.57097,51.41529],[-1.56512,51.42204],[-1.52654,51.42397],[-1.52402,51.44747],[-1.5824,51.49425],[-1.5847,51.52492],[-1.60282,51.51831],[-1.64769,51.57193],[-1.65504,51.57649],[-1.67655,51.56939],[-1.69111,51.58351],[-1.6906,51.60541],[-1.66699,51.61622],[-1.67373,51.62284],[-1.65992,51.63502],[-1.69189,51.65216],[-1.70021,51.67088],[-1.68313,51.69013],[-1.66846,51.68044],[-1.64825,51.68409],[-1.688,51.71204],[-1.69587,51.72354],[-1.68702,51.73988],[-1.7007,51.77058],[-1.71949,51.78321],[-1.68193,51.80399],[-1.68646,51.83446],[-1.67638,51.85031],[-1.68687,51.8655],[-1.66711,51.877],[-1.65865,51.89655],[-1.63305,51.89923],[-1.64553,51.92229],[-1.61519,51.93768],[-1.63249,51.95565],[-1.66253,51.964],[-1.66575,51.98749],[-1.61234,51.9554],[-1.59163,51.97045],[-1.6003,51.97694],[-1.56354,51.97704],[-1.54955,51.98085],[-1.55722,51.99166],[-1.52283,51.99684],[-1.4878,52.09396],[-1.4773,52.10135],[-1.44719,52.09763],[-1.45346,52.11301],[-1.42586,52.11825],[-1.3854,52.09415],[-1.35777,52.10131],[-1.37084,52.11753],[-1.3933,52.11896],[-1.36615,52.13608],[-1.34871,52.13513],[-1.3319,52.16849],[-1.24809,52.09716],[-1.32116,52.08702],[-1.31816,52.07992],[-1.29751,52.07806],[-1.31292,52.05145],[-1.27816,52.01427],[-1.2835,51.97956],[-1.24161,51.98629],[-1.19626,51.97743],[-1.16382,51.99341],[-1.13433,51.9973],[-1.11809,52.01543],[-1.13667,52.02224],[-1.12199,52.04515],[-1.06207,52.06274],[-1.02767,52.06373],[-1.04221,52.07371],[-1.02632,52.07568],[-0.96781,52.07091],[-0.95187,52.08153],[-0.90603,52.02122],[-0.89012,52.03153],[-0.87756,52.0299],[-0.87127,52.04022],[-0.85245,52.05071],[-0.86268,52.06093],[-0.83959,52.0638],[-0.83131,52.07201],[-0.84671,52.09151],[-0.86953,52.10004],[-0.87147,52.11178],[-0.88703,52.11421],[-0.88076,52.12629],[-0.8282,52.13261],[-0.83197,52.14368],[-0.81402,52.14247],[-0.80759,52.15698],[-0.79209,52.15133],[-0.77798,52.16873],[-0.74973,52.16688],[-0.70546,52.19157],[-0.66814,52.19503],[-0.62745,52.18155]]]]}},{"type":"Feature","properties":{"id":"E12000009","name":"South West","type":"region"},"geometry":{"type":"MultiPolygon","coordinates":[[[[-6.34905,49.89822],[-6.32842,49.89246],[-6.32851,49.89205],[-6.3378,49.89313],[-6.33834,49.89341],[-6.34126,49.88234],[-6.34235,49.88289],[-6.35277,49.88923],[-6.34905,49.89822]]],[[[-6.27584,49.92123],[-6.28783,49.91002],[-6.303,49.91153],[-6.30394,49.9032],[-6.30609,49.90543],[-6.31288,49.91324],[-6.31336,49.91297],[-6.31353,49.91314],[-6.31365,49.9128],[-6.32051,49.9089],[-6.32664,49.91162],[-6.32764,49.91257],[-6.30909,49.91662],[-6.31036,49.91952],[-6.31212,49.92854],[-6.29777,49.93679],[-6.27663,49.92878],[-6.27584,49.92123]]],[[[-6.33191,49.93959],[-6.33248,49.9395],[-6.34432,49.96057],[-6.34646,49.96693],[-6.32067,49.95407],[-6.31997,49.95247],[-6.33191,49.93959]]],[[[-6.34949,49.95192],[-6.35574,49.94645],[-6.3603,49.94898],[-6.35872,49.96701],[-6.34807,49.95565],[-6.34949,49.95192]]],[[[-6.29357,49.97832],[-6.28975,49.97006],[-6.28875,49.96617],[-6.26203,49.9629],[-6.26159,49.96284],[-6.28386,49.95634],[-6.28611,49.95686],[-6.30369,49.96467],[-6.29541,49.97583],[-6.29217,49.97439],[-6.29369,49.97817],[-6.29357,49.97832]]],[[[-1.95624,50.69196],[-1.96158,50.68628],[-1.98804,50.69245],[-1.96526,50.69482],[-1.95624,50.69196]]],[[[-4.6664,51.1594],[-4.67092,51.15846],[-4.68057,51.17242],[-4.67782,51.19851],[-4.67736,51.2024],[-4.65327,51.16237],[-4.6664,51.1594]]],[[[-1.76769,52.11258],[-1.74591,52.09283],[-1.72856,52.10012],[-1.73066,52.07329],[-1.71311,52.06655],[-1.7017,52.07283],[-1.70505,52.05963],[-1.68864,52.05183],[-1.69398,52.03953],[-1.66382,52.03127],[-1.62446,52.03895],[-1.61752,52.0334],[-1.66575,51.9974],[-1.66575,51.98749],[-1.66253,51.964],[-1.63249,51.95565],[-1.61519,51.93768],[-1.64553,51.92229],[-1.63305,51.89923],[-1.65865,51.89655],[-1.66711,51.877],[-1.68687,51.8655],[-1.67638,51.85031],[-1.68646,51.83446],[-1.68193,51.80399],[-1.71949,51.78321],[-1.7007,51.77058],[-1.68702,51.73988],[-1.69587,51.72354],[-1.688,51.71204],[-1.64825,51.68409],[-1.66846,51.68044],[-1.68313,51.69013],[-1.70021,51.67088],[-1.69189,51.65216],[-1.65992,51.63502],[-1.67373,51.62284],[-1.66699,51.61622],[-1.6906,51.60541],[-1.69111,51.58351],[-1.67655,51.56939],[-1.65504,51.57649],[-1.64769,51.57193],[-1.60282,51.51831],[-1.5847,51.52492],[-1.5824,51.49425],[-1.52402,51.44747],[-1.52654,51.42397],[-1.56512,51.42204],[-1.57097,51.41529],[-1.55292,51.41004],[-1.5556,51.39554],[-1.49537,51.36966],[-1.50063,51.35632],[-1.48562,51.34765],[-1.49829,51.32936],[-1.52751,51.33844],[-1.53356,51.31622],[-1.51941,51.29595],[-1.52278,51.28706],[-1.54262,51.28124],[-1.5406,51.26083],[-1.52982,51.2608],[-1.53603,51.24855],[-1.54584,51.24525],[-1.57757,51.25558],[-1.60759,51.25279],[-1.63362,51.21759],[-1.68969,51.21483],[-1.6941,51.20404],[-1.66882,51.19076],[-1.67227,51.17855],[-1.65404,51.15625],[-1.66298,51.12719],[-1.62634,51.11732],[-1.63731,51.0922],[-1.62781,51.07823],[-1.63493,51.04044],[-1.63238,51.03278],[-1.5994,51.02373],[-1.59739,51.00975],[-1.62888,50.99903],[-1.61973,50.98303],[-1.60293,50.9785],[-1.61975,50.95857],[-1.63496,50.95924],[-1.66166,50.94528],[-1.71957,50.97679],[-1.7544,50.97789],[-1.80031,50.99139],[-1.81542,50.98592],[-1.83582,51.00947],[-1.85338,51.00468],[-1.87391,50.9845],[-1.87448,51.00633],[-1.88674,50.99953],[-1.92788,50.9977],[-1.94994,50.98231],[-1.95683,50.9898],[-1.95547,50.97827],[-1.92084,50.96141],[-1.87364,50.91723],[-1.84184,50.93168],[-1.81066,50.9272],[-1.81654,50.90395],[-1.84856,50.88989],[-1.85354,50.86346],[-1.83001,50.85527],[-1.80711,50.86332],[-1.80247,50.84296],[-1.79061,50.83631],[-1.8034,50.83034],[-1.81189,50.80864],[-1.8039,50.79597],[-1.7855,50.76475],[-1.74885,50.77949],[-1.73896,50.76327],[-1.74417,50.74746],[-1.68182,50.75185],[-1.69186,50.73733],[-1.69254,50.7374],[-1.71796,50.73471],[-1.72446,50.73403],[-1.72715,50.73245],[-1.72899,50.73221],[-1.73076,50.73033],[-1.74234,50.72353],[-1.75732,50.73106],[-1.76181,50.7231],[-1.76127,50.71801],[-1.74612,50.71551],[-1.73948,50.72444],[-1.74853,50.71137],[-1.74881,50.71108],[-1.80417,50.72006],[-1.81193,50.7197],[-1.81819,50.72055],[-1.83754,50.7185],[-1.86687,50.71712],[-1.87714,50.71428],[-1.88527,50.71341],[-1.8913,50.71036],[-1.91276,50.70442],[-1.94687,50.68265],[-1.934,50.69915],[-1.95227,50.70413],[-1.95819,50.71561],[-1.99213,50.71269],[-1.9843,50.7193],[-1.99501,50.72986],[-1.98981,50.73725],[-2.00136,50.73407],[-2.0115,50.73128],[-2.00136,50.72081],[-1.98846,50.70749],[-2.00136,50.71034],[-2.04036,50.71896],[-2.04075,50.71905],[-2.02751,50.72924],[-2.05381,50.729],[-2.04181,50.72594],[-2.04249,50.71752],[-2.04249,50.71751],[-2.04273,50.71452],[-2.06751,50.71507],[-2.0719,50.70791],[-2.05768,50.70559],[-2.07373,50.70596],[-2.07109,50.69812],[-2.07951,50.69468],[-2.07934,50.69428],[-2.07897,50.6902],[-2.07891,50.68952],[-2.06581,50.68699],[-2.05445,50.69985],[-2.02609,50.70743],[-2.01849,50.70074],[-2.03477,50.7021],[-2.02472,50.68762],[-2.05297,50.67789],[-2.02515,50.68447],[-2.02663,50.67809],[-2.04713,50.67043],[-2.02898,50.67439],[-2.02706,50.66806],[-2.02164,50.6821],[-2.01142,50.68271],[-2.01049,50.67094],[-2.00136,50.67505],[-1.9998,50.67575],[-1.99328,50.66726],[-1.97832,50.67694],[-1.98352,50.66705],[-1.9681,50.66043],[-1.97096,50.66926],[-1.94981,50.68019],[-1.94112,50.67207],[-1.94316,50.66598],[-1.95184,50.65007],[-1.94923,50.64789],[-1.94981,50.64614],[-1.94652,50.64563],[-1.94093,50.64096],[-1.92649,50.64252],[-1.92377,50.6421],[-1.95351,50.61969],[-1.95661,50.61734],[-1.9566,50.6171],[-1.95673,50.617],[-1.95642,50.61473],[-1.95597,50.60856],[-1.9556,50.60853],[-1.95557,50.6083],[-1.94774,50.60785],[-1.94394,50.60752],[-1.95123,50.59456],[-2.02635,50.589],[-2.05484,50.57654],[-2.06143,50.58875],[-2.06396,50.59353],[-2.06402,50.59353],[-2.06413,50.59373],[-2.06801,50.59397],[-2.11122,50.5987],[-2.13346,50.61228],[-2.13383,50.61216],[-2.13455,50.61265],[-2.14604,50.60848],[-2.15798,50.61546],[-2.17257,50.6152],[-2.19752,50.62268],[-2.19799,50.62261],[-2.1985,50.62298],[-2.22291,50.61948],[-2.24467,50.61636],[-2.26697,50.61939],[-2.28408,50.62171],[-2.33074,50.62803],[-2.33894,50.63189],[-2.36729,50.63296],[-2.39485,50.63667],[-2.42278,50.63604],[-2.42462,50.6351],[-2.42556,50.63513],[-2.42733,50.63371],[-2.43943,50.62754],[-2.44791,50.61883],[-2.45252,50.6141],[-2.44885,50.60873],[-2.44144,50.60968],[-2.45098,50.60378],[-2.44799,50.60257],[-2.44905,50.60145],[-2.43238,50.59624],[-2.45031,50.60107],[-2.4702,50.58397],[-2.46992,50.58358],[-2.4704,50.58315],[-2.49706,50.59731],[-2.49567,50.60289],[-2.51749,50.61787],[-2.53391,50.61847],[-2.53515,50.61852],[-2.56044,50.63914],[-2.56704,50.64107],[-2.61153,50.65406],[-2.56693,50.6316],[-2.54084,50.61844],[-2.49735,50.59446],[-2.46994,50.57813],[-2.46953,50.58241],[-2.4614,50.57215],[-2.4606,50.57106],[-2.46054,50.57106],[-2.4605,50.57101],[-2.4377,50.56997],[-2.42218,50.56926],[-2.42838,50.56606],[-2.41999,50.55513],[-2.41863,50.54627],[-2.45561,50.51395],[-2.45673,50.51309],[-2.4503,50.56122],[-2.53113,50.61205],[-2.54414,50.61842],[-2.5669,50.62956],[-2.63742,50.664],[-2.79335,50.71811],[-2.85142,50.72581],[-2.9055,50.73296],[-2.91175,50.73378],[-2.94743,50.71836],[-2.94772,50.71824],[-3.02691,50.69888],[-3.02973,50.69903],[-3.05344,50.70411],[-3.05487,50.70252],[-3.08244,50.70161],[-3.09528,50.68612],[-3.09608,50.68523],[-3.1338,50.68496],[-3.19213,50.68452],[-3.25777,50.67324],[-3.28962,50.64225],[-3.30095,50.63212],[-3.30881,50.64759],[-3.30673,50.62963],[-3.34066,50.62187],[-3.34799,50.62063],[-3.34853,50.62007],[-3.35236,50.61919],[-3.35797,50.61178],[-3.36187,50.60662],[-3.3897,50.6114],[-3.41484,50.61572],[-3.42404,50.6173],[-3.42147,50.62286],[-3.41552,50.62934],[-3.45147,50.68188],[-3.45248,50.68336],[-3.46089,50.69562],[-3.4596,50.68917],[-3.45708,50.67657],[-3.45676,50.67497],[-3.45791,50.67579],[-3.46829,50.68317],[-3.46983,50.68225],[-3.46974,50.68122],[-3.46948,50.6783],[-3.46819,50.66395],[-3.45126,50.64708],[-3.44687,50.6201],[-3.44682,50.61719],[-3.44636,50.61696],[-3.44534,50.61073],[-3.44454,50.60583],[-3.44515,50.60558],[-3.44454,50.60578],[-3.44385,50.60159],[-3.42779,50.61094],[-3.42708,50.61135],[-3.42497,50.61203],[-3.42629,50.61096],[-3.46698,50.57811],[-3.46844,50.56298],[-3.49985,50.54053],[-3.50106,50.54592],[-3.50981,50.54286],[-3.49741,50.53828],[-3.50654,50.52076],[-3.50911,50.51662],[-3.50914,50.51658],[-3.51484,50.48176],[-3.48059,50.46352],[-3.51593,50.45376],[-3.54067,50.46107],[-3.5565,50.42942],[-3.55954,50.42334],[-3.54483,50.40211],[-3.51952,50.40318],[-3.51191,50.3959],[-3.50518,50.4],[-3.51299,50.40563],[-3.48239,50.40003],[-3.50764,50.37917],[-3.50768,50.37905],[-3.51787,50.34644],[-3.51894,50.34585],[-3.53995,50.33702],[-3.55108,50.33826],[-3.57358,50.34785],[-3.57359,50.34785],[-3.56426,50.35271],[-3.57628,50.36327],[-3.57558,50.36391],[-3.56856,50.36881],[-3.59471,50.38224],[-3.59467,50.38207],[-3.59499,50.38225],[-3.59466,50.38204],[-3.59435,50.38073],[-3.58055,50.3722],[-3.58055,50.37211],[-3.58443,50.36031],[-3.57676,50.35116],[-3.57674,50.34622],[-3.57095,50.34423],[-3.56354,50.33537],[-3.57243,50.32606],[-3.59217,50.32193],[-3.61122,50.31807],[-3.61141,50.3179],[-3.61312,50.31754],[-3.64265,50.29013],[-3.65654,50.24815],[-3.65957,50.23898],[-3.65906,50.23852],[-3.6592,50.2381],[-3.64342,50.22421],[-3.64074,50.22176],[-3.68096,50.2224],[-3.6835,50.22108],[-3.69922,50.2129],[-3.72083,50.20239],[-3.7375,50.21482],[-3.77328,50.22423],[-3.77131,50.22642],[-3.76134,50.23625],[-3.72631,50.23665],[-3.73912,50.24106],[-3.72271,50.24719],[-3.72028,50.2481],[-3.72402,50.24717],[-3.74953,50.24085],[-3.75412,50.24085],[-3.75495,50.24377],[-3.74903,50.25598],[-3.75666,50.2548],[-3.76728,50.26309],[-3.77406,50.25701],[-3.76488,50.25398],[-3.76154,50.24661],[-3.75881,50.24058],[-3.75885,50.24059],[-3.76774,50.24254],[-3.76792,50.24234],[-3.77531,50.24377],[-3.77032,50.23973],[-3.77816,50.23118],[-3.78194,50.22957],[-3.78668,50.2108],[-3.80238,50.21293],[-3.81983,50.21646],[-3.84469,50.22793],[-3.86792,50.23967],[-3.8672,50.24147],[-3.85911,50.24251],[-3.85897,50.24509],[-3.8581,50.26067],[-3.85912,50.26135],[-3.85912,50.26137],[-3.87292,50.27061],[-3.88175,50.27653],[-3.87688,50.28029],[-3.86964,50.27907],[-3.86535,50.28462],[-3.87097,50.28126],[-3.89509,50.28176],[-3.8992,50.28436],[-3.89795,50.28638],[-3.91025,50.29408],[-3.91493,50.29429],[-3.91773,50.29606],[-3.94367,50.2959],[-3.94683,50.30677],[-3.94847,50.3098],[-3.95264,50.30818],[-3.9528,50.30842],[-3.97491,50.30526],[-3.99195,50.30748],[-4.01575,50.29942],[-4.04313,50.29549],[-4.07168,50.30505],[-4.06309,50.30812],[-4.03327,50.31343],[-4.05322,50.31772],[-4.05596,50.31142],[-4.05811,50.31163],[-4.11902,50.31938],[-4.11964,50.33585],[-4.12303,50.3364],[-4.12323,50.34642],[-4.12306,50.34671],[-4.12311,50.34677],[-4.12343,50.3471],[-4.13082,50.359],[-4.10539,50.35651],[-4.11244,50.35943],[-4.09978,50.37927],[-4.10144,50.38269],[-4.1157,50.36179],[-4.13273,50.36208],[-4.13348,50.36328],[-4.14071,50.36222],[-4.15283,50.36242],[-4.15438,50.36755],[-4.16408,50.35892],[-4.16368,50.36945],[-4.17436,50.36678],[-4.1825,50.36709],[-4.19292,50.39008],[-4.17978,50.39663],[-4.19454,50.39209],[-4.19623,50.39325],[-4.20172,50.40652],[-4.19521,50.41912],[-4.19232,50.42468],[-4.16548,50.41972],[-4.16353,50.42759],[-4.16565,50.42678],[-4.17321,50.42389],[-4.18528,50.42642],[-4.18981,50.42845],[-4.18119,50.43511],[-4.17418,50.4375],[-4.1691,50.44444],[-4.16265,50.44941],[-4.15646,50.44635],[-4.15186,50.46371],[-4.15492,50.46376],[-4.16061,50.45602],[-4.18508,50.43421],[-4.19131,50.43538],[-4.19965,50.43693],[-4.20073,50.43642],[-4.22228,50.42624],[-4.23831,50.43904],[-4.22387,50.42198],[-4.20991,50.42544],[-4.21041,50.41883],[-4.21147,50.40468],[-4.22675,50.39351],[-4.2273,50.3933],[-4.23302,50.39356],[-4.23083,50.39053],[-4.23086,50.39051],[-4.23083,50.39052],[-4.23077,50.39043],[-4.20221,50.38838],[-4.20947,50.38567],[-4.19478,50.37186],[-4.20923,50.36893],[-4.20893,50.3687],[-4.20919,50.36865],[-4.20827,50.36819],[-4.19712,50.35956],[-4.20762,50.34691],[-4.17242,50.35866],[-4.17157,50.3574],[-4.1705,50.34582],[-4.19987,50.33333],[-4.20127,50.33287],[-4.1884,50.31773],[-4.18951,50.31754],[-4.21039,50.31822],[-4.22118,50.31202],[-4.22274,50.31174],[-4.2233,50.31367],[-4.21952,50.32461],[-4.22917,50.3335],[-4.24991,50.34084],[-4.30815,50.3614],[-4.41022,50.36415],[-4.43658,50.36102],[-4.4511,50.35092],[-4.45063,50.34819],[-4.47269,50.33321],[-4.49753,50.33739],[-4.49801,50.33664],[-4.53829,50.32385],[-4.53896,50.32372],[-4.57849,50.33257],[-4.59842,50.32389],[-4.60665,50.32896],[-4.63305,50.32436],[-4.63848,50.32986],[-4.63382,50.33113],[-4.61795,50.33529],[-4.61825,50.33538],[-4.60883,50.33794],[-4.62059,50.33604],[-4.63108,50.33902],[-4.64213,50.33211],[-4.66762,50.32308],[-4.67255,50.31388],[-4.68483,50.32012],[-4.68492,50.32068],[-4.68242,50.33801],[-4.68808,50.33974],[-4.68946,50.34805],[-4.75561,50.33138],[-4.75647,50.33119],[-4.7565,50.33116],[-4.75685,50.33107],[-4.76692,50.32083],[-4.76605,50.31947],[-4.76613,50.31937],[-4.75265,50.29851],[-4.76413,50.30042],[-4.78124,50.29013],[-4.78702,50.2695],[-4.78568,50.26176],[-4.76699,50.25664],[-4.78555,50.24557],[-4.78096,50.23748],[-4.78425,50.23603],[-4.79826,50.2302],[-4.79835,50.22626],[-4.7985,50.21952],[-4.80521,50.22348],[-4.80945,50.22599],[-4.81892,50.23159],[-4.86246,50.23603],[-4.8787,50.2243],[-4.90295,50.20676],[-4.91699,50.19724],[-4.93374,50.20709],[-4.95591,50.20293],[-4.9736,50.18565],[-4.98197,50.15181],[-5.0096,50.1393],[-5.00972,50.13944],[-5.01778,50.1491],[-5.01776,50.14911],[-5.00406,50.1506],[-4.9996,50.15996],[-4.99577,50.16225],[-4.99882,50.16159],[-4.99876,50.16171],[-4.99895,50.16156],[-5.02404,50.15617],[-5.01436,50.19047],[-5.0256,50.18222],[-5.03483,50.20392],[-5.02677,50.20396],[-5.02841,50.20992],[-5.02849,50.20994],[-5.02752,50.21048],[-5.02498,50.21545],[-5.02411,50.2225],[-5.006,50.22761],[-5.01444,50.22709],[-5.02156,50.24469],[-5.01677,50.22635],[-5.02923,50.22284],[-5.02824,50.21571],[-5.03132,50.21067],[-5.03898,50.21266],[-5.04308,50.2043],[-5.04808,50.20903],[-5.04392,50.20331],[-5.05897,50.19324],[-5.06343,50.19619],[-5.05435,50.18033],[-5.0773,50.18422],[-5.05119,50.17713],[-5.04771,50.17161],[-5.05288,50.16355],[-5.05447,50.16239],[-5.06722,50.16166],[-5.07164,50.16504],[-5.07474,50.16747],[-5.07818,50.16604],[-5.09073,50.16797],[-5.10225,50.16974],[-5.08842,50.16327],[-5.07951,50.16404],[-5.06352,50.1516],[-5.04998,50.15561],[-5.04926,50.15577],[-5.04198,50.14393],[-5.04402,50.14456],[-5.05506,50.14829],[-5.07653,50.14048],[-5.07309,50.1342],[-5.07973,50.13158],[-5.09369,50.12607],[-5.08177,50.10939],[-5.09481,50.10228],[-5.12193,50.09998],[-5.13471,50.1001],[-5.13753,50.10299],[-5.13034,50.11019],[-5.13791,50.11172],[-5.14046,50.106],[-5.14063,50.10617],[-5.1453,50.09869],[-5.16051,50.09702],[-5.16357,50.10039],[-5.1649,50.1126],[-5.16913,50.09978],[-5.16357,50.09643],[-5.16346,50.09589],[-5.16277,50.09595],[-5.15952,50.09399],[-5.17232,50.09099],[-5.15441,50.09274],[-5.14764,50.08534],[-5.1506,50.09312],[-5.13888,50.09426],[-5.13573,50.09137],[-5.12034,50.09586],[-5.09999,50.092],[-5.09481,50.08912],[-5.10412,50.08669],[-5.09929,50.08665],[-5.1179,50.08228],[-5.07677,50.08552],[-5.076,50.08558],[-5.0766,50.08279],[-5.07959,50.06879],[-5.07568,50.06841],[-5.06773,50.06763],[-5.05782,50.05278],[-5.06605,50.03958],[-5.06884,50.03511],[-5.07345,50.03367],[-5.0968,50.02637],[-5.09116,50.01571],[-5.10131,50.00425],[-5.12259,50.00924],[-5.16663,50.00377],[-5.18877,49.97388],[-5.18587,49.96298],[-5.21012,49.9602],[-5.21912,49.97004],[-5.21955,49.97145],[-5.23265,49.97353],[-5.24567,49.97618],[-5.24399,49.9841],[-5.2452,49.98512],[-5.24511,49.98544],[-5.25812,49.99594],[-5.2684,50.00456],[-5.267,50.00673],[-5.25593,50.02162],[-5.25657,50.023],[-5.25646,50.02318],[-5.25675,50.0234],[-5.26175,50.03424],[-5.26177,50.03429],[-5.28005,50.04186],[-5.27942,50.05637],[-5.3163,50.08522],[-5.33912,50.09197],[-5.34355,50.09142],[-5.34631,50.09216],[-5.36234,50.0891],[-5.36319,50.08899],[-5.39178,50.1035],[-5.42936,50.09691],[-5.42915,50.10546],[-5.43476,50.10772],[-5.46345,50.12273],[-5.46707,50.12076],[-5.4839,50.12755],[-5.53011,50.12371],[-5.53103,50.11427],[-5.54936,50.10648],[-5.54843,50.10544],[-5.54883,50.10526],[-5.5397,50.09568],[-5.53329,50.08851],[-5.54217,50.07057],[-5.57722,50.05178],[-5.5857,50.05163],[-5.61914,50.05122],[-5.63279,50.04229],[-5.6356,50.04046],[-5.63632,50.03999],[-5.64843,50.04383],[-5.65363,50.0419],[-5.67674,50.03566],[-5.68089,50.0368],[-5.69033,50.04944],[-5.69258,50.05401],[-5.70996,50.05782],[-5.71314,50.06233],[-5.71698,50.06867],[-5.69253,50.08733],[-5.68859,50.0903],[-5.71018,50.12736],[-5.67306,50.16624],[-5.64227,50.16729],[-5.62907,50.16773],[-5.62765,50.16901],[-5.62602,50.16911],[-5.60206,50.19208],[-5.6007,50.19331],[-5.60014,50.19309],[-5.59086,50.18866],[-5.55922,50.20543],[-5.53878,50.21624],[-5.53664,50.21644],[-5.48159,50.21916],[-5.47731,50.21897],[-5.47239,50.20917],[-5.47201,50.20807],[-5.46916,50.19987],[-5.43681,50.19352],[-5.4337,50.19373],[-5.41348,50.20981],[-5.39363,50.22557],[-5.39525,50.24052],[-5.3781,50.24407],[-5.36838,50.23617],[-5.367,50.23642],[-5.32481,50.24427],[-5.30376,50.26173],[-5.28919,50.26105],[-5.28137,50.27066],[-5.25135,50.28257],[-5.25055,50.28426],[-5.2437,50.28687],[-5.23706,50.31297],[-5.23454,50.31833],[-5.20061,50.32014],[-5.18149,50.34034],[-5.15385,50.34614],[-5.14649,50.37527],[-5.15314,50.38378],[-5.15179,50.3893],[-5.14359,50.3889],[-5.14542,50.3973],[-5.14719,50.40534],[-5.14594,50.40574],[-5.10963,50.41282],[-5.10243,50.41311],[-5.0998,50.42564],[-5.09636,50.42438],[-5.07753,50.41584],[-5.05478,50.42573],[-5.04379,50.44223],[-5.04261,50.46206],[-5.04206,50.46429],[-5.03186,50.46762],[-5.03967,50.47402],[-5.03603,50.48882],[-5.03605,50.48883],[-5.03483,50.49369],[-5.04681,50.49783],[-5.02405,50.50872],[-5.02836,50.51765],[-5.02691,50.52398],[-5.02264,50.52654],[-5.03653,50.54956],[-5.03594,50.54949],[-4.98387,50.54221],[-4.97208,50.55778],[-4.94512,50.56915],[-4.94959,50.55656],[-4.93511,50.54899],[-4.93091,50.53],[-4.92473,50.53118],[-4.92637,50.54529],[-4.93144,50.56481],[-4.9158,50.57588],[-4.92823,50.58288],[-4.93538,50.5869],[-4.92144,50.59324],[-4.9155,50.59146],[-4.90829,50.58451],[-4.89891,50.58361],[-4.88523,50.5823],[-4.88055,50.58407],[-4.86752,50.58897],[-4.86999,50.59537],[-4.86989,50.59539],[-4.83823,50.59442],[-4.83244,50.59214],[-4.82713,50.59301],[-4.79622,50.59807],[-4.79166,50.60237],[-4.79058,50.60264],[-4.78947,50.60444],[-4.77044,50.62237],[-4.75872,50.65285],[-4.76058,50.65332],[-4.7645,50.66959],[-4.76446,50.66982],[-4.74329,50.67638],[-4.74109,50.67593],[-4.73505,50.6715],[-4.73306,50.67428],[-4.72978,50.67361],[-4.72606,50.68406],[-4.68025,50.69599],[-4.68102,50.7027],[-4.68065,50.70462],[-4.65458,50.71627],[-4.65388,50.73981],[-4.63915,50.7404],[-4.63881,50.74071],[-4.63452,50.74096],[-4.63456,50.74455],[-4.62466,50.75351],[-4.58551,50.77089],[-4.56194,50.78133],[-4.55868,50.82876],[-4.55732,50.8289],[-4.54667,50.82995],[-4.55612,50.83686],[-4.55835,50.84771],[-4.55987,50.85506],[-4.55927,50.8657],[-4.56682,50.88874],[-4.56992,50.90375],[-4.56188,50.91205],[-4.54607,50.92837],[-4.54597,50.92881],[-4.54099,50.95175],[-4.52565,51.0223],[-4.42544,51.01366],[-4.42441,51.01312],[-4.3909,50.99468],[-4.34299,50.98896],[-4.303,50.99776],[-4.28233,51.01398],[-4.24925,51.03994],[-4.2426,51.04142],[-4.24098,51.04642],[-4.21792,51.06447],[-4.2165,51.06355],[-4.2102,51.05242],[-4.19081,51.05477],[-4.19065,51.05479],[-4.19069,51.05468],[-4.19792,51.03368],[-4.18885,51.04119],[-4.17972,51.04874],[-4.17978,51.0675],[-4.15162,51.07353],[-4.15295,51.08021],[-4.16375,51.08358],[-4.16314,51.10073],[-4.1666,51.08047],[-4.1854,51.07621],[-4.18915,51.06625],[-4.21685,51.07639],[-4.22245,51.11769],[-4.23648,51.11996],[-4.24018,51.12103],[-4.23589,51.13089],[-4.25043,51.13759],[-4.25836,51.14124],[-4.26134,51.14289],[-4.22375,51.14423],[-4.21618,51.15161],[-4.21148,51.17839],[-4.22926,51.18848],[-4.21065,51.19055],[-4.20161,51.20029],[-4.18573,51.19844],[-4.17764,51.19731],[-4.11407,51.21148],[-4.09807,51.21088],[-4.09193,51.21641],[-4.08782,51.21732],[-4.03875,51.20667],[-4.02938,51.21548],[-4.02791,51.2164],[-4.00597,51.21726],[-3.95825,51.21912],[-3.92571,51.23187],[-3.92348,51.23138],[-3.89203,51.22377],[-3.85434,51.2344],[-3.85368,51.23456],[-3.81353,51.23112],[-3.81145,51.23231],[-3.81033,51.23223],[-3.78677,51.24616],[-3.76978,51.23766],[-3.7208,51.23308],[-3.72056,51.23306],[-3.72017,51.23302],[-3.63304,51.22372],[-3.6227,51.21759],[-3.62124,51.21664],[-3.57871,51.23214],[-3.54216,51.23226],[-3.49573,51.22365],[-3.47041,51.20815],[-3.4476,51.2089],[-3.43268,51.20045],[-3.40081,51.18238],[-3.27737,51.17957],[-3.15394,51.20877],[-3.14663,51.20944],[-3.1255,51.21136],[-3.07632,51.20125],[-3.05476,51.20594],[-3.01926,51.21848],[-3.03255,51.19458],[-3.02266,51.19628],[-3.00227,51.22595],[-2.99894,51.22317],[-2.98429,51.22043],[-2.99909,51.22498],[-3.00051,51.24162],[-3.02154,51.26547],[-3.01206,51.32103],[-3.03547,51.32854],[-3.00014,51.32213],[-2.99011,51.31654],[-2.98987,51.31628],[-2.98665,51.31278],[-2.98695,51.31146],[-2.99316,51.30101],[-2.9881,51.30648],[-2.98298,51.31202],[-2.98961,51.31749],[-2.98585,51.33493],[-2.98279,51.34915],[-2.99458,51.35652],[-2.9675,51.36366],[-2.9622,51.37477],[-2.96305,51.38293],[-2.98082,51.38843],[-2.97103,51.39075],[-2.93964,51.39642],[-2.93928,51.39102],[-2.91731,51.39587],[-2.89046,51.3875],[-2.9128,51.39624],[-2.86467,51.44165],[-2.85767,51.44825],[-2.83055,51.46645],[-2.79987,51.4852],[-2.75575,51.49378],[-2.74333,51.49309],[-2.73257,51.49246],[-2.72907,51.50209],[-2.72732,51.50189],[-2.68485,51.48046],[-2.68465,51.48051],[-2.68461,51.48049],[-2.68465,51.48051],[-2.70882,51.4978],[-2.71822,51.50824],[-2.70775,51.51678],[-2.67381,51.54443],[-2.66345,51.57362],[-2.62779,51.60565],[-2.57929,51.62951],[-2.57546,51.63139],[-2.56911,51.65555],[-2.53479,51.67728],[-2.54235,51.68154],[-2.54622,51.68372],[-2.56654,51.69514],[-2.58003,51.68817],[-2.61001,51.67266],[-2.64887,51.63129],[-2.65159,51.60962],[-2.65691,51.622],[-2.66018,51.6296],[-2.6633,51.63561],[-2.66851,51.64563],[-2.68033,51.64755],[-2.66592,51.66432],[-2.68638,51.6632],[-2.65686,51.6745],[-2.67225,51.681],[-2.66917,51.69315],[-2.68379,51.70063],[-2.66844,51.70579],[-2.68754,51.73043],[-2.67223,51.73636],[-2.66269,51.75389],[-2.68045,51.76893],[-2.66981,51.79427],[-2.67854,51.80285],[-2.65954,51.81068],[-2.66087,51.82275],[-2.6504,51.82612],[-2.63671,51.8431],[-2.62547,51.83896],[-2.60122,51.85622],[-2.58282,51.84958],[-2.58076,51.86159],[-2.53162,51.86077],[-2.50862,51.88517],[-2.48779,51.88042],[-2.43927,51.89738],[-2.44818,51.91867],[-2.46604,51.92797],[-2.46557,51.9517],[-2.50091,51.96061],[-2.49224,51.96413],[-2.49491,51.98108],[-2.47099,51.99474],[-2.49198,52.00766],[-2.47893,52.02253],[-2.46404,52.02325],[-2.46337,52.01404],[-2.43656,52.0148],[-2.43729,51.99717],[-2.4132,51.99409],[-2.39902,51.99615],[-2.39289,52.01296],[-2.35138,52.02136],[-2.35254,52.01354],[-2.32471,52.00357],[-2.32654,51.97579],[-2.31262,51.9765],[-2.30043,51.96678],[-2.27056,51.96894],[-2.25136,51.96656],[-2.22061,51.9955],[-2.18508,51.99056],[-2.18075,51.99962],[-2.16463,51.99614],[-2.18768,52.01908],[-2.17691,52.02256],[-2.18068,52.04173],[-2.17137,52.04761],[-2.11839,52.04212],[-2.11722,52.03361],[-2.1394,52.02789],[-2.14966,52.01126],[-2.14069,51.99946],[-2.1122,52.01534],[-2.08487,52.01048],[-2.06078,52.01466],[-2.04951,52.0038],[-2.03836,52.0046],[-1.98414,52.03588],[-1.95137,52.0377],[-1.9317,52.02989],[-1.91345,52.04446],[-1.83905,52.00678],[-1.82502,52.03093],[-1.83459,52.04373],[-1.86345,52.05342],[-1.87441,52.06999],[-1.84662,52.07942],[-1.83175,52.07277],[-1.81894,52.0854],[-1.81274,52.07874],[-1.80229,52.09694],[-1.76769,52.11258]]]]}},{"type":"Feature","properties":{"id":"N92000002","name":"Northern Ireland","type":"country"},"geometry":{"type":"MultiPolygon","coordinates":[[[[-5.53386,54.68165],[-5.52055,54.67083],[-5.54541,54.67287],[-5.53386,54.68165]]],[[[-6.07426,54.04746],[-6.09642,54.06312],[-6.13883,54.06167],[-6.18319,54.07365],[-6.1981,54.09817],[-6.25409,54.09635],[-6.29088,54.11268],[-6.30902,54.10671],[-6.31932,54.09105],[-6.33635,54.09472],[-6.33995,54.11191],[-6.36307,54.11383],[-6.36841,54.11093],[-6.36354,54.07259],[-6.39147,54.05879],[-6.41199,54.06307],[-6.44353,54.05647],[-6.45604,54.07254],[-6.47776,54.07711],[-6.48177,54.07256],[-6.47127,54.06629],[-6.51053,54.05267],[-6.53197,54.05965],[-6.55794,54.04928],[-6.58661,54.05755],[-6.59494,54.0446],[-6.62384,54.03649],[-6.66898,54.07297],[-6.65817,54.0762],[-6.65888,54.09613],[-6.64507,54.09595],[-6.66125,54.12257],[-6.64885,54.12139],[-6.62972,54.15354],[-6.64405,54.17975],[-6.69186,54.20023],[-6.7101,54.19804],[-6.72103,54.18199],[-6.73862,54.18151],[-6.75595,54.19904],[-6.7949,54.20897],[-6.80041,54.2211],[-6.81617,54.22301],[-6.8291,54.24748],[-6.82774,54.26145],[-6.878,54.27903],[-6.87236,54.28794],[-6.85913,54.28182],[-6.85076,54.29735],[-6.87604,54.34657],[-6.90637,54.35043],[-6.90295,54.36077],[-6.91104,54.37453],[-6.93272,54.37784],[-6.92375,54.38288],[-6.95965,54.39225],[-6.97879,54.40859],[-6.99582,54.40537],[-7.00059,54.41323],[-7.02887,54.4213],[-7.05732,54.41102],[-7.0724,54.38835],[-7.1097,54.36832],[-7.10338,54.356],[-7.1525,54.3353],[-7.18883,54.33765],[-7.18055,54.33188],[-7.17915,54.30969],[-7.19787,54.31107],[-7.21219,54.2996],[-7.17291,54.28607],[-7.1793,54.27258],[-7.16065,54.27362],[-7.14224,54.25562],[-7.15899,54.24367],[-7.14604,54.23975],[-7.14495,54.22472],[-7.17111,54.21759],[-7.18827,54.22487],[-7.19879,54.21561],[-7.22103,54.21577],[-7.23175,54.20561],[-7.24802,54.20445],[-7.24921,54.1979],[-7.23298,54.1978],[-7.25906,54.19224],[-7.25825,54.17738],[-7.24027,54.16968],[-7.25814,54.16449],[-7.25252,54.15568],[-7.27797,54.12325],[-7.29782,54.12056],[-7.30894,54.13211],[-7.28536,54.13648],[-7.30132,54.14408],[-7.2838,54.15385],[-7.27977,54.16763],[-7.29134,54.17194],[-7.33945,54.14684],[-7.30533,54.12336],[-7.31894,54.11333],[-7.32707,54.12459],[-7.34428,54.116],[-7.36352,54.13144],[-7.3919,54.1202],[-7.39259,54.1269],[-7.37278,54.13952],[-7.42039,54.13685],[-7.42501,54.14113],[-7.40955,54.15621],[-7.44234,54.1539],[-7.4685,54.14079],[-7.47933,54.12225],[-7.52814,54.13576],[-7.54673,54.12921],[-7.54739,54.12211],[-7.56573,54.12659],[-7.57457,54.1415],[-7.6104,54.1438],[-7.62528,54.15327],[-7.62806,54.16878],[-7.65612,54.18566],[-7.67658,54.18201],[-7.68853,54.19918],[-7.68543,54.20776],[-7.73919,54.20352],[-7.768,54.20942],[-7.81147,54.20089],[-7.86024,54.21755],[-7.86046,54.26026],[-7.8728,54.26621],[-7.87321,54.27952],[-7.86189,54.29349],[-7.88112,54.29195],[-7.9015,54.30143],[-7.91089,54.296],[-7.96165,54.31243],[-7.98645,54.34419],[-7.9995,54.34716],[-8.00037,54.35815],[-8.03135,54.35668],[-8.05739,54.36574],[-8.08414,54.3974],[-8.16189,54.442],[-8.1428,54.45066],[-8.17748,54.46478],[-8.11475,54.46906],[-8.11318,54.47638],[-8.09111,54.47635],[-8.09861,54.48421],[-8.08904,54.48709],[-8.04261,54.48772],[-8.04176,54.50649],[-8.00597,54.54594],[-7.97032,54.54729],[-7.94972,54.53365],[-7.85051,54.533],[-7.82391,54.5444],[-7.83324,54.55234],[-7.79659,54.57162],[-7.79404,54.58159],[-7.69729,54.61009],[-7.69348,54.61911],[-7.7064,54.61958],[-7.70837,54.6349],[-7.74159,54.61795],[-7.75788,54.62502],[-7.77246,54.6215],[-7.81326,54.64388],[-7.82833,54.63304],[-7.85143,54.63067],[-7.85659,54.65048],[-7.90406,54.66272],[-7.91412,54.67532],[-7.89886,54.69065],[-7.92101,54.69596],[-7.91811,54.70272],[-7.87947,54.70267],[-7.83668,54.73643],[-7.8177,54.73381],[-7.80471,54.71865],[-7.78867,54.71962],[-7.74995,54.70425],[-7.7353,54.71691],[-7.69703,54.72377],[-7.63662,54.7515],[-7.6176,54.74336],[-7.57702,54.75027],[-7.5784,54.74175],[-7.54919,54.74049],[-7.53425,54.74703],[-7.54755,54.75535],[-7.54324,54.78247],[-7.54931,54.78935],[-7.52826,54.80769],[-7.48382,54.824],[-7.44436,54.86935],[-7.4525,54.8984],[-7.4452,54.91096],[-7.44721,54.9352],[-7.39208,54.94543],[-7.40638,54.95411],[-7.40746,54.96366],[-7.40035,54.9722],[-7.40705,54.98299],[-7.39146,54.99784],[-7.40558,55.00331],[-7.39144,55.02235],[-7.34621,55.0505],[-7.31828,55.0451],[-7.29943,55.05612],[-7.28907,55.04744],[-7.26413,55.06668],[-7.24553,55.0635],[-7.25459,55.05198],[-7.25177,55.04417],[-7.23281,55.04821],[-7.22569,55.06094],[-7.15564,55.05885],[-7.14803,55.05733],[-7.14797,55.04609],[-7.13081,55.04201],[-7.05955,55.0476],[-7.05,55.0569],[-7.04343,55.05165],[-7.04558,55.05809],[-7.01361,55.07773],[-7.02417,55.09058],[-7.02021,55.10026],[-6.98999,55.10955],[-6.96882,55.14789],[-6.96007,55.17715],[-6.9664,55.19458],[-6.87472,55.16807],[-6.75262,55.16855],[-6.72445,55.17339],[-6.72191,55.18988],[-6.65838,55.19947],[-6.66286,55.21268],[-6.64959,55.20506],[-6.6058,55.20594],[-6.55293,55.22007],[-6.54532,55.21624],[-6.52852,55.22498],[-6.53063,55.2337],[-6.48356,55.25203],[-6.46838,55.25121],[-6.45495,55.23906],[-6.40931,55.23228],[-6.36796,55.24583],[-6.33255,55.23964],[-6.31253,55.22978],[-6.28943,55.23025],[-6.23593,55.20273],[-6.13979,55.22706],[-6.11613,55.20954],[-6.06223,55.19888],[-6.06472,55.19114],[-6.05063,55.17529],[-6.02699,55.16138],[-6.02554,55.13995],[-6.04204,55.12851],[-6.03539,55.12298],[-6.03597,55.10325],[-6.05873,55.08123],[-6.05182,55.08164],[-6.05282,55.06575],[-6.06225,55.06009],[-6.04247,55.05297],[-5.99465,55.05936],[-5.96602,55.05238],[-5.96319,55.04418],[-5.97721,55.00738],[-5.99272,54.9898],[-5.98958,54.9841],[-5.91899,54.96175],[-5.87805,54.90764],[-5.8443,54.90075],[-5.83761,54.88112],[-5.79765,54.85218],[-5.78235,54.85149],[-5.77981,54.85868],[-5.76605,54.85225],[-5.7618,54.85928],[-5.72532,54.84811],[-5.6914,54.80957],[-5.69475,54.77412],[-5.68805,54.76696],[-5.71011,54.74593],[-5.75488,54.72135],[-5.77865,54.72319],[-5.8407,54.70522],[-5.8957,54.67406],[-5.91286,54.64798],[-5.85511,54.63367],[-5.8054,54.65905],[-5.74101,54.67762],[-5.72069,54.66704],[-5.67975,54.66881],[-5.67291,54.663],[-5.65601,54.67097],[-5.64151,54.66626],[-5.63272,54.67961],[-5.5826,54.67731],[-5.56818,54.66359],[-5.54146,54.65453],[-5.53813,54.64389],[-5.53024,54.64498],[-5.53406,54.62306],[-5.52261,54.59938],[-5.47725,54.56405],[-5.48577,54.54662],[-5.46975,54.52574],[-5.46316,54.49789],[-5.43279,54.48733],[-5.442,54.47562],[-5.43561,54.45713],[-5.47978,54.42934],[-5.46424,54.41461],[-5.45812,54.39296],[-5.46229,54.38341],[-5.48165,54.38405],[-5.48969,54.37639],[-5.48486,54.37415],[-5.49303,54.36531],[-5.48068,54.35855],[-5.49817,54.35149],[-5.49676,54.33328],[-5.53163,54.3158],[-5.52281,54.31478],[-5.52578,54.31035],[-5.55054,54.30635],[-5.56032,54.28648],[-5.59484,54.26107],[-5.60797,54.26542],[-5.60207,54.25657],[-5.60868,54.2488],[-5.63438,54.25243],[-5.62971,54.25818],[-5.63981,54.26299],[-5.64536,54.25598],[-5.63643,54.25245],[-5.63636,54.24227],[-5.66018,54.22561],[-5.6771,54.24659],[-5.6955,54.25154],[-5.81962,54.24246],[-5.83377,54.25703],[-5.81586,54.25915],[-5.82027,54.27228],[-5.81391,54.28665],[-5.84962,54.2545],[-5.85001,54.24886],[-5.83335,54.25127],[-5.82973,54.24194],[-5.89285,54.20537],[-5.87569,54.18681],[-5.87178,54.1676],[-5.89693,54.1047],[-5.94976,54.079],[-5.96305,54.06272],[-5.99616,54.0613],[-5.98818,54.05759],[-6.05947,54.02376],[-6.10738,54.0402],[-6.09853,54.04853],[-6.07426,54.04746]]],[[[-6.24206,55.3129],[-6.16976,55.30158],[-6.18122,55.26707],[-6.18992,55.25847],[-6.19961,55.26677],[-6.20054,55.27725],[-6.18874,55.28495],[-6.19304,55.29263],[-6.28675,55.29437],[-6.27,55.30696],[-6.24206,55.3129]]]]}},{"type":"Feature","properties":{"id":"S92000003","name":"Scotland","type":"country"},"geometry":{"type":"MultiPolygon","coordinates":[[[[-5.58373,55.28441],[-5.56556,55.28148],[-5.59738,55.27916],[-5.58373,55.28441]]],[[[-5.26165,55.72115],[-5.15272,55.66796],[-5.1281,55.60989],[-5.16032,55.58371],[-5.08292,55.55271],[-5.12935,55.52821],[-5.07926,55.50986],[-5.09478,55.49168],[-5.08502,55.45311],[-5.25138,55.43944],[-5.3132,55.465],[-5.32705,55.49803],[-5.35538,55.50673],[-5.33759,55.54952],[-5.39503,55.62717],[-5.36489,55.67826],[-5.26165,55.72115]]],[[[-4.9382,55.73496],[-4.9484,55.71193],[-4.96741,55.71814],[-4.9382,55.73496]]],[[[-5.72192,55.72853],[-5.73437,55.68435],[-5.71799,55.68522],[-5.76372,55.64582],[-5.77434,55.67685],[-5.72192,55.72853]]],[[[-4.90173,55.79284],[-4.90167,55.75288],[-4.94743,55.74305],[-4.92957,55.78446],[-4.90173,55.79284]]],[[[-5.1842,55.92545],[-5.0783,55.88138],[-5.09225,55.86334],[-5.062,55.85907],[-5.05889,55.8392],[-5.02473,55.84353],[-5.00106,55.76991],[-5.03241,55.75462],[-5.0041,55.73008],[-5.03307,55.72255],[-5.09357,55.77803],[-5.12036,55.77229],[-5.12673,55.80948],[-5.14303,55.81273],[-5.12924,55.84522],[-5.16945,55.85179],[-5.22148,55.90053],[-5.1842,55.92545]]],[[[-6.07185,55.66454],[-6.08048,55.64059],[-6.21773,55.63053],[-6.26784,55.57907],[-6.33824,55.58968],[-6.30896,55.64562],[-6.25817,55.65798],[-6.28752,55.70219],[-6.34129,55.71614],[-6.34005,55.72957],[-6.26188,55.76384],[-6.26105,55.78474],[-6.3466,55.78414],[-6.38402,55.73112],[-6.48189,55.67255],[-6.5257,55.69294],[-6.49312,55.71309],[-6.50704,55.71879],[-6.49777,55.73551],[-6.46069,55.75239],[-6.45714,55.78249],[-6.48696,55.79272],[-6.4565,55.80915],[-6.45465,55.85244],[-6.39206,55.85809],[-6.32756,55.89146],[-6.34609,55.83451],[-6.31874,55.82189],[-6.3115,55.87374],[-6.1974,55.92674],[-6.12669,55.93807],[-6.13207,55.88964],[-6.10923,55.86237],[-6.10403,55.81288],[-6.04691,55.76364],[-6.05283,55.74196],[-6.02875,55.72364],[-6.03642,55.69225],[-6.01979,55.68483],[-6.07185,55.66454]]],[[[-6.21945,56.02695],[-6.20594,56.01993],[-6.25388,56.00051],[-6.27428,56.02063],[-6.21945,56.02695]]],[[[-6.14705,56.13331],[-6.13308,56.12124],[-6.19666,56.06178],[-6.18693,56.04132],[-6.2798,56.03699],[-6.24786,56.05525],[-6.26132,56.05717],[-6.24586,56.08568],[-6.18422,56.10163],[-6.14705,56.13331]]],[[[-5.70554,56.1488],[-5.68755,56.11143],[-5.83644,55.9708],[-5.87286,55.88981],[-5.93652,55.8674],[-5.964,55.79244],[-6.03593,55.79552],[-6.07846,55.8181],[-6.09362,55.89063],[-6.04271,55.94063],[-5.84787,55.97889],[-5.85481,55.99033],[-5.94037,55.96037],[-6.00634,55.97303],[-5.96397,56.02755],[-5.70554,56.1488]]],[[[-5.68432,56.19772],[-5.67234,56.16822],[-5.75173,56.16794],[-5.68432,56.19772]]],[[[-5.60747,56.22771],[-5.58872,56.2074],[-5.61129,56.19539],[-5.60747,56.22771]]],[[[-5.69037,56.23557],[-5.68543,56.203],[-5.71458,56.20996],[-5.69037,56.23557]]],[[[-5.63903,56.27083],[-5.6177,56.24773],[-5.63243,56.18814],[-5.66575,56.21878],[-5.63903,56.27083]]],[[[-6.373,56.30083],[-6.35445,56.29877],[-6.36227,56.28447],[-6.38556,56.28792],[-6.373,56.30083]]],[[[-5.58225,56.32048],[-5.62253,56.26515],[-5.65419,56.29689],[-5.61869,56.32207],[-5.6115,56.30947],[-5.58225,56.32048]]],[[[-6.38555,56.35003],[-6.40707,56.31447],[-6.44491,56.3139],[-6.38555,56.35003]]],[[[-5.49936,56.42553],[-5.55157,56.37277],[-5.58897,56.38037],[-5.56336,56.40824],[-5.49936,56.42553]]],[[[-6.08996,56.47022],[-6.07591,56.46561],[-6.10053,56.46406],[-6.08996,56.47022]]],[[[-6.2888,56.49708],[-6.25388,56.49429],[-6.27853,56.47396],[-6.30655,56.48006],[-6.2888,56.49708]]],[[[-6.22557,56.5002],[-6.14138,56.47198],[-6.2035,56.46016],[-6.26793,56.47675],[-6.22557,56.5002]]],[[[-5.42786,56.56053],[-5.507,56.49807],[-5.59885,56.46104],[-5.57222,56.4984],[-5.52236,56.51251],[-5.47197,56.55747],[-5.42786,56.56053]]],[[[-6.90695,56.52395],[-6.7806,56.53659],[-6.75449,56.55645],[-6.72329,56.52957],[-6.80357,56.52397],[-6.81403,56.51236],[-6.79488,56.50597],[-6.81488,56.4878],[-6.8777,56.48836],[-6.8979,56.47028],[-6.89216,56.44539],[-6.98001,56.45181],[-6.97377,56.48838],[-6.99837,56.50458],[-6.95102,56.52898],[-6.90695,56.52395]]],[[[-5.92454,56.51791],[-5.79471,56.51429],[-5.76844,56.48928],[-5.7184,56.48539],[-5.68336,56.45184],[-5.65237,56.45669],[-5.65096,56.42475],[-5.67946,56.44099],[-5.69538,56.42739],[-5.67557,56.4348],[-5.65262,56.41547],[-5.67949,56.38371],[-5.71752,56.39065],[-5.71098,56.4146],[-5.74821,56.41349],[-5.73177,56.39606],[-5.7949,56.36643],[-5.69076,56.37696],[-5.83412,56.31086],[-5.88896,56.32168],[-5.84617,56.34555],[-5.87667,56.35623],[-5.93442,56.32154],[-5.9868,56.32285],[-6.04533,56.29248],[-6.24548,56.28858],[-6.26465,56.26424],[-6.32359,56.26934],[-6.32303,56.28263],[-6.34989,56.28284],[-6.3468,56.30599],[-6.37691,56.3088],[-6.35066,56.34757],[-6.23644,56.31571],[-6.25128,56.34232],[-6.10299,56.34221],[-6.01857,56.36453],[-6.0033,56.37841],[-6.01498,56.3881],[-5.9793,56.38589],[-6.02273,56.39466],[-6.19485,56.35885],[-6.20599,56.38522],[-6.15116,56.41308],[-6.12908,56.44843],[-6.05476,56.45137],[-5.99532,56.4932],[-6.12181,56.4721],[-6.22535,56.52886],[-6.33296,56.53333],[-6.33735,56.55247],[-6.27972,56.57734],[-6.3152,56.57709],[-6.32377,56.60616],[-6.25391,56.61333],[-6.18829,56.58239],[-6.2245,56.60518],[-6.21191,56.60314],[-6.227,56.63344],[-6.19462,56.62371],[-6.19826,56.64234],[-6.12603,56.65586],[-6.06017,56.63455],[-6.06968,56.62099],[-5.98778,56.57816],[-5.96191,56.53778],[-5.9752,56.53142],[-5.92454,56.51791]]],[[[-5.88204,56.67068],[-5.87103,56.66161],[-5.89458,56.65259],[-5.88204,56.67068]]],[[[-5.94121,56.6686],[-5.90545,56.65885],[-5.95093,56.65836],[-5.94121,56.6686]]],[[[-6.50521,56.67959],[-6.45096,56.68346],[-6.50625,56.6165],[-6.53407,56.63943],[-6.5233,56.61319],[-6.56674,56.5865],[-6.61092,56.57529],[-6.62482,56.59255],[-6.63797,56.57312],[-6.67098,56.58333],[-6.69102,56.56275],[-6.71014,56.57513],[-6.50521,56.67959]]],[[[-5.87669,56.81064],[-5.80922,56.79352],[-5.88709,56.79203],[-5.87669,56.81064]]],[[[-7.64045,56.78942],[-7.61196,56.784],[-7.66076,56.78533],[-7.64045,56.78942]]],[[[-6.26344,56.846],[-6.21484,56.83615],[-6.27032,56.82801],[-6.26344,56.846]]],[[[-7.62517,56.83056],[-7.62212,56.80255],[-7.66636,56.79972],[-7.64822,56.81264],[-7.65911,56.82212],[-7.62517,56.83056]]],[[[-7.57806,56.86119],[-7.55794,56.8548],[-7.59814,56.84935],[-7.57806,56.86119]]],[[[-6.11394,56.92837],[-6.11644,56.88793],[-6.13945,56.87147],[-6.21028,56.88892],[-6.20745,56.90746],[-6.15865,56.91501],[-6.15107,56.9419],[-6.11394,56.92837]]],[[[-7.52513,56.90223],[-7.49211,56.88754],[-7.51902,56.88118],[-7.53913,56.8976],[-7.52513,56.90223]]],[[[-7.3447,57.01866],[-7.32915,57.00691],[-7.36341,57.01338],[-7.3447,57.01866]]],[[[-6.32997,57.06037],[-6.26021,57.03676],[-6.24753,57.02011],[-6.27964,57.01175],[-6.2383,57.0048],[-6.25,56.97117],[-6.29625,56.93984],[-6.37014,56.9524],[-6.37583,56.97318],[-6.46005,57.00748],[-6.32997,57.06037]]],[[[-6.49531,57.05404],[-6.4654,57.04429],[-6.51446,57.04615],[-6.49531,57.05404]]],[[[-7.32462,57.02618],[-7.31969,57.01501],[-7.34413,57.02069],[-7.32462,57.02618]]],[[[-6.50706,57.07127],[-6.48826,57.05585],[-6.61176,57.05085],[-6.50706,57.07127]]],[[[-7.45131,57.05844],[-7.41962,57.04182],[-7.44595,57.01976],[-7.39319,57.00173],[-7.4303,57.00187],[-7.37846,56.97945],[-7.42197,56.99184],[-7.40539,56.97797],[-7.44247,56.96137],[-7.43602,56.94864],[-7.50517,56.95804],[-7.54241,56.93943],[-7.48763,56.93008],[-7.55413,56.91117],[-7.56174,56.92207],[-7.54186,56.92679],[-7.57306,56.93364],[-7.57063,56.94783],[-7.53306,56.94624],[-7.56274,56.9559],[-7.51937,56.97392],[-7.52651,56.9866],[-7.50133,57.00355],[-7.52867,57.01301],[-7.45697,57.02414],[-7.45131,57.05844]]],[[[-7.38874,57.06062],[-7.37135,57.05205],[-7.39991,57.04402],[-7.38874,57.06062]]],[[[-7.31676,57.09396],[-7.26865,57.09097],[-7.27779,57.06781],[-7.29938,57.06714],[-7.28194,57.05734],[-7.30891,57.05955],[-7.31676,57.09396]]],[[[-6.20568,57.166],[-6.17991,57.15681],[-6.21024,57.15079],[-6.21799,57.12995],[-6.25538,57.14634],[-6.20568,57.166]]],[[[-6.00113,57.32532],[-5.93032,57.31054],[-5.92565,57.28353],[-5.98545,57.27624],[-6.0229,57.30469],[-6.00113,57.32532]]],[[[-5.85433,57.3573],[-5.81942,57.33579],[-5.8455,57.33503],[-5.85433,57.3573]]],[[[-6.49028,57.34473],[-6.49246,57.33041],[-6.51487,57.33375],[-6.49028,57.34473]]],[[[-7.18986,57.41089],[-7.18954,57.39553],[-7.22154,57.38839],[-7.20506,57.38625],[-7.23397,57.39156],[-7.18986,57.41089]]],[[[-7.32447,57.4052],[-7.31914,57.38259],[-7.26566,57.37387],[-7.31096,57.37221],[-7.23938,57.34981],[-7.27009,57.3447],[-7.22075,57.34899],[-7.26359,57.32807],[-7.2947,57.33714],[-7.19179,57.29822],[-7.25315,57.26036],[-7.2427,57.24881],[-7.26759,57.22414],[-7.36301,57.24581],[-7.34953,57.22538],[-7.30858,57.22974],[-7.26142,57.20707],[-7.2446,57.16368],[-7.26824,57.14973],[-7.32144,57.16376],[-7.29032,57.14729],[-7.35602,57.15358],[-7.33345,57.1359],[-7.24631,57.13578],[-7.24392,57.11881],[-7.21186,57.11745],[-7.22926,57.09595],[-7.39241,57.11348],[-7.42331,57.21657],[-7.45819,57.24092],[-7.429,57.24709],[-7.42051,57.28858],[-7.38842,57.29764],[-7.42978,57.38836],[-7.32447,57.4052]]],[[[-5.99279,57.50612],[-5.98303,57.47946],[-6.03236,57.43429],[-5.99277,57.35819],[-6.02114,57.33334],[-6.06454,57.3322],[-6.08803,57.35089],[-6.08041,57.43455],[-6.05504,57.46193],[-6.01783,57.45461],[-6.02949,57.46943],[-5.99279,57.50612]]],[[[-7.34433,57.49381],[-7.33659,57.48009],[-7.25803,57.47833],[-7.2824,57.4733],[-7.26684,57.46325],[-7.24751,57.46043],[-7.25183,57.47682],[-7.21478,57.46553],[-7.24474,57.46053],[-7.21801,57.44608],[-7.25166,57.45928],[-7.24394,57.44573],[-7.27062,57.45285],[-7.26445,57.43989],[-7.28358,57.43808],[-7.21539,57.43617],[-7.202,57.42428],[-7.22418,57.42662],[-7.20293,57.41839],[-7.2542,57.4121],[-7.23942,57.40159],[-7.31448,57.41788],[-7.26292,57.39903],[-7.30443,57.3988],[-7.39198,57.42246],[-7.41002,57.47033],[-7.34433,57.49381]]],[[[-7.19312,57.50044],[-7.15805,57.48371],[-7.1918,57.47171],[-7.20414,57.49818],[-7.17699,57.49112],[-7.19312,57.50044]]],[[[-7.25544,57.50615],[-7.21663,57.49917],[-7.20103,57.47527],[-7.29122,57.49082],[-7.25544,57.50615]]],[[[-5.96971,57.58343],[-5.95385,57.56849],[-5.97832,57.51449],[-5.9981,57.53088],[-5.98044,57.54044],[-6.00111,57.54274],[-5.97635,57.54969],[-5.98992,57.56886],[-5.96971,57.58343]]],[[[-7.42203,57.55983],[-7.43689,57.56735],[-7.40229,57.55306],[-7.42203,57.55983]]],[[[-6.35108,57.70749],[-6.29691,57.70757],[-6.30321,57.69159],[-6.25107,57.67347],[-6.23535,57.63736],[-6.19131,57.63325],[-6.13724,57.58774],[-6.14573,57.43009],[-6.19773,57.41214],[-6.20214,57.39049],[-6.1824,57.40757],[-6.13906,57.40554],[-6.12421,57.38775],[-6.14621,57.37103],[-6.09512,57.33944],[-6.10414,57.31918],[-6.16842,57.29539],[-6.05703,57.31366],[-6.04164,57.29327],[-6.08305,57.2677],[-6.02065,57.28768],[-5.88579,57.23797],[-5.75416,57.27491],[-5.66243,57.26443],[-5.64758,57.25514],[-5.66905,57.20907],[-5.76515,57.16953],[-5.80847,57.17616],[-5.80579,57.14574],[-5.78731,57.13843],[-5.80593,57.13703],[-5.80434,57.12106],[-5.85327,57.11156],[-5.92383,57.04317],[-6.01775,57.01789],[-6.03823,57.05698],[-5.99947,57.07392],[-6.00817,57.09011],[-5.98499,57.10739],[-5.99776,57.12411],[-5.83802,57.18976],[-5.99168,57.16856],[-6.03688,57.22783],[-6.0295,57.18347],[-6.04995,57.18059],[-6.08378,57.12675],[-6.11277,57.13712],[-6.10195,57.17011],[-6.12339,57.19469],[-6.32231,57.16014],[-6.28483,57.20136],[-6.34781,57.1858],[-6.38743,57.21702],[-6.34921,57.22994],[-6.34316,57.25296],[-6.40501,57.23224],[-6.48185,57.2915],[-6.48278,57.31098],[-6.42685,57.32307],[-6.43068,57.33994],[-6.34777,57.29992],[-6.30621,57.29932],[-6.40264,57.33988],[-6.3836,57.36397],[-6.4578,57.3392],[-6.48871,57.40369],[-6.52471,57.3692],[-6.51655,57.39321],[-6.5384,57.41347],[-6.53407,57.3932],[-6.57298,57.38849],[-6.56356,57.33862],[-6.58213,57.333],[-6.72008,57.37181],[-6.74312,57.41762],[-6.78947,57.4209],[-6.78011,57.45803],[-6.71998,57.44974],[-6.74953,57.48365],[-6.71666,57.51375],[-6.63968,57.44273],[-6.57386,57.43017],[-6.62395,57.45937],[-6.61338,57.4674],[-6.63785,57.50306],[-6.59848,57.50991],[-6.56792,57.49332],[-6.56058,57.50803],[-6.65567,57.54623],[-6.63478,57.60853],[-6.58938,57.59403],[-6.56551,57.54823],[-6.50432,57.53405],[-6.46567,57.49807],[-6.42711,57.51826],[-6.45263,57.48066],[-6.43242,57.47048],[-6.43597,57.49149],[-6.39981,57.50884],[-6.39963,57.52869],[-6.31179,57.45517],[-6.32572,57.48521],[-6.3046,57.48233],[-6.39537,57.55361],[-6.35943,57.58895],[-6.39461,57.58492],[-6.39424,57.61272],[-6.4277,57.64215],[-6.35357,57.67121],[-6.35108,57.70749]]],[[[-7.3965,57.67001],[-7.37542,57.66776],[-7.39446,57.65359],[-7.44064,57.66096],[-7.3965,57.67001]]],[[[-7.28905,57.71971],[-7.27634,57.70152],[-7.29935,57.70716],[-7.28905,57.71971]]],[[[-7.16951,57.59472],[-7.18685,57.59312],[-7.10109,57.5936],[-7.1352,57.55888],[-7.25909,57.55367],[-7.25632,57.57398],[-7.29008,57.56301],[-7.27236,57.55461],[-7.29823,57.56802],[-7.30647,57.55409],[-7.13508,57.55404],[-7.14651,57.51644],[-7.1695,57.51325],[-7.14896,57.50948],[-7.27692,57.5176],[-7.26315,57.5028],[-7.31259,57.52174],[-7.29752,57.51134],[-7.31297,57.50838],[-7.34524,57.5419],[-7.35523,57.49719],[-7.40568,57.54744],[-7.38653,57.53539],[-7.31126,57.55417],[-7.44183,57.58778],[-7.42974,57.57841],[-7.48357,57.56798],[-7.48298,57.59059],[-7.54911,57.60287],[-7.52021,57.60481],[-7.52685,57.6224],[-7.50007,57.62722],[-7.48374,57.66292],[-7.38288,57.63078],[-7.37685,57.65882],[-7.31472,57.69408],[-7.33719,57.6581],[-7.29164,57.64121],[-7.24644,57.65335],[-7.2788,57.66295],[-7.20794,57.68299],[-7.1829,57.70301],[-7.2287,57.70672],[-7.16622,57.73894],[-7.14386,57.72926],[-7.19501,57.69087],[-7.15625,57.67685],[-7.18456,57.66119],[-7.16444,57.65865],[-7.21395,57.65719],[-7.13783,57.63934],[-7.09999,57.64878],[-7.11604,57.6623],[-7.06312,57.6403],[-7.1002,57.60786],[-7.13249,57.62558],[-7.11668,57.63417],[-7.21894,57.63978],[-7.18853,57.63145],[-7.2043,57.6217],[-7.19095,57.61457],[-7.15231,57.61298],[-7.18252,57.61151],[-7.15308,57.60775],[-7.18243,57.59809],[-7.16951,57.59472]]],[[[-3.94654,57.85245],[-3.92662,57.84177],[-3.96448,57.85184],[-3.94654,57.85245]]],[[[-7.0826,57.77478],[-7.07358,57.75171],[-7.09822,57.76846],[-7.0826,57.77478]]],[[[-7.2282,57.78528],[-7.20026,57.77257],[-7.23516,57.75948],[-7.26616,57.7733],[-7.2282,57.78528]]],[[[-5.63278,57.8472],[-5.60227,57.82182],[-5.63757,57.83181],[-5.63278,57.8472]]],[[[-5.47108,57.8989],[-5.45918,57.87845],[-5.47928,57.88479],[-5.47108,57.8989]]],[[[-6.70266,57.87923],[-6.64135,57.8565],[-6.70146,57.86024],[-6.70266,57.87923]]],[[[-6.35607,57.90271],[-6.35261,57.88007],[-6.38149,57.90331],[-6.35607,57.90271]]],[[[-5.22653,57.94942],[-5.21204,57.93757],[-5.23934,57.94649],[-5.22653,57.94942]]],[[[-8.61123,57.82784],[-8.54974,57.81229],[-8.57764,57.79893],[-8.61024,57.80935],[-8.61123,57.82784]]],[[[-5.50937,57.96801],[-5.49753,57.9575],[-5.52574,57.96107],[-5.50937,57.96801]]],[[[-7.00849,57.92167],[-6.98908,57.90922],[-6.99653,57.88873],[-7.04824,57.89474],[-7.0792,57.87608],[-7.08601,57.89378],[-7.00849,57.92167]]],[[[-5.44619,58.0137],[-5.43521,58.007],[-5.45829,58.01216],[-5.44619,58.0137]]],[[[-5.40913,58.02378],[-5.38301,58.0052],[-5.42172,58.0054],[-5.40913,58.02378]]],[[[-6.72242,58.0066],[-6.72378,57.98552],[-6.74078,58.00131],[-6.72242,58.0066]]],[[[-5.44238,58.05034],[-5.42343,58.04679],[-5.449,58.0398],[-5.44238,58.05034]]],[[[-7.13289,58.03803],[-7.10058,58.00552],[-7.15343,58.00884],[-7.17151,58.02826],[-7.13289,58.03803]]],[[[-7.12387,58.08635],[-7.11831,58.0734],[-7.13592,58.0752],[-7.12387,58.08635]]],[[[-5.26197,58.26731],[-5.24199,58.25038],[-5.28005,58.25778],[-5.26197,58.26731]]],[[[-6.93621,58.24093],[-6.93093,58.22891],[-6.95087,58.23709],[-6.93621,58.24093]]],[[[-6.88929,58.26016],[-6.84861,58.25674],[-6.83689,58.23213],[-6.78559,58.22143],[-6.78193,58.20292],[-6.86724,58.20746],[-6.87555,58.22017],[-6.85373,58.22591],[-6.87177,58.24252],[-6.86188,58.22354],[-6.87697,58.22989],[-6.88929,58.26016]]],[[[-5.18281,58.38976],[-5.17182,58.37409],[-5.20967,58.37724],[-5.18281,58.38976]]],[[[-6.26275,58.51586],[-6.181,58.46688],[-6.19638,58.44677],[-6.16821,58.41728],[-6.21849,58.36822],[-6.16221,58.34252],[-6.19845,58.33831],[-6.2422,58.29563],[-6.29888,58.2927],[-6.28039,58.26986],[-6.31925,58.2697],[-6.31926,58.24443],[-6.38069,58.22242],[-6.34295,58.22903],[-6.28486,58.20666],[-6.13814,58.26149],[-6.16518,58.22858],[-6.15353,58.2213],[-6.25097,58.17971],[-6.29081,58.20606],[-6.35285,58.18871],[-6.38737,58.21464],[-6.39629,58.19901],[-6.36979,58.19122],[-6.38772,58.1793],[-6.36747,58.15274],[-6.42349,58.13757],[-6.3701,58.13153],[-6.49294,58.14299],[-6.42775,58.12075],[-6.63481,58.08444],[-6.43198,58.08972],[-6.39887,58.11092],[-6.36664,58.05626],[-6.43917,58.04859],[-6.35831,58.03938],[-6.38674,58.00073],[-6.45971,58.01979],[-6.57897,58.00381],[-6.47198,58.00075],[-6.4489,57.96564],[-6.46834,57.96133],[-6.47158,57.93762],[-6.51932,57.92697],[-6.54846,57.95855],[-6.53793,57.91885],[-6.57301,57.92461],[-6.57222,57.90947],[-6.64619,57.96409],[-6.60634,57.91726],[-6.6497,57.91746],[-6.70863,57.96748],[-6.71261,58.01279],[-6.66083,58.05448],[-6.58641,58.05321],[-6.69513,58.05816],[-6.66999,58.04635],[-6.76063,58.0034],[-6.72132,57.96145],[-6.7452,57.95284],[-6.70489,57.95188],[-6.67386,57.91724],[-6.71355,57.91536],[-6.66551,57.88229],[-6.80291,57.8976],[-6.78725,57.88075],[-6.8129,57.88201],[-6.8039,57.86717],[-6.77407,57.8675],[-6.7366,57.82685],[-6.79782,57.83442],[-6.79132,57.80461],[-6.8627,57.83366],[-6.83364,57.81475],[-6.86312,57.81289],[-6.858,57.79356],[-6.88363,57.80055],[-6.87297,57.7739],[-6.92385,57.78177],[-6.89921,57.76431],[-6.93114,57.76385],[-6.94463,57.73876],[-6.97877,57.74364],[-6.96569,57.72773],[-7.12819,57.8247],[-7.13354,57.83739],[-7.10534,57.84127],[-7.07093,57.81112],[-6.99798,57.84562],[-6.99286,57.8685],[-6.90553,57.86877],[-6.96025,57.88697],[-6.94826,57.90487],[-6.81392,57.90093],[-6.86707,57.9248],[-6.84959,57.93463],[-6.914,57.93631],[-6.90164,57.95088],[-6.92188,57.9403],[-6.99984,57.96556],[-7.02274,57.95227],[-7.07999,57.96713],[-7.09022,57.99491],[-7.11417,57.98867],[-7.08239,58.02051],[-7.05606,58.00879],[-6.99396,58.04097],[-6.9063,58.04915],[-7.04803,58.03471],[-7.06443,58.04408],[-7.02088,58.05398],[-7.05921,58.05535],[-7.0205,58.07109],[-7.02853,58.08084],[-7.06583,58.06004],[-7.10035,58.06993],[-7.10982,58.10986],[-7.13544,58.12286],[-7.08931,58.16409],[-7.10451,58.18336],[-7.05301,58.1854],[-7.04357,58.17094],[-7.0071,58.18431],[-7.06516,58.19555],[-7.04882,58.23247],[-7.02425,58.24417],[-6.97558,58.21948],[-6.96062,58.23561],[-6.91549,58.21823],[-6.91119,58.20337],[-6.9628,58.20341],[-6.89326,58.1871],[-6.85883,58.11094],[-6.88644,58.16258],[-6.86914,58.17268],[-6.87702,58.18936],[-6.85913,58.18118],[-6.82815,58.20464],[-6.74972,58.19215],[-6.73414,58.16633],[-6.70683,58.18409],[-6.76075,58.19895],[-6.73989,58.21332],[-6.80856,58.25203],[-6.81742,58.27207],[-6.77212,58.28206],[-6.82851,58.28338],[-6.80436,58.30437],[-6.75728,58.30539],[-6.65115,58.35425],[-6.64304,58.33996],[-6.54714,58.36507],[-6.51922,58.39709],[-6.30018,58.48041],[-6.26275,58.51586]]],[[[-3.3724,58.67117],[-3.31001,58.64295],[-3.18992,58.66012],[-3.15736,58.63724],[-3.02429,58.64362],[-3.04278,58.59807],[-3.07227,58.59207],[-3.06782,58.56416],[-3.12576,58.52741],[-3.13403,58.50091],[-3.15136,58.51352],[-3.11168,58.47581],[-3.04852,58.47757],[-3.0595,58.44233],[-3.12277,58.44886],[-3.06842,58.43064],[-3.10792,58.37118],[-3.22109,58.30527],[-3.38149,58.2705],[-3.50834,58.17184],[-3.80427,58.05706],[-3.84778,58.0065],[-3.98345,57.96955],[-4.00803,57.93375],[-4.03001,57.93436],[-4.00942,57.95241],[-4.08215,57.95112],[-4.00187,57.92786],[-3.99221,57.90308],[-4.0131,57.89075],[-4.01259,57.85897],[-4.07285,57.86717],[-4.11169,57.8485],[-4.14691,57.85531],[-4.13528,57.87016],[-4.16236,57.85933],[-4.23249,57.87513],[-4.29097,57.86206],[-4.39607,57.91489],[-4.40938,57.93938],[-4.60518,57.97424],[-4.42373,57.94234],[-4.39697,57.90989],[-4.35096,57.89467],[-4.35527,57.87622],[-4.29695,57.8519],[-4.19386,57.86272],[-4.16384,57.83368],[-4.11047,57.84099],[-4.03735,57.81211],[-3.96085,57.84595],[-3.89349,57.82484],[-3.95221,57.81227],[-3.85924,57.82452],[-3.77201,57.86692],[-3.97528,57.69437],[-4.03762,57.69529],[-4.00946,57.74233],[-4.08454,57.72821],[-4.16779,57.68513],[-4.28451,57.68255],[-4.3029,57.67156],[-4.2798,57.66464],[-4.33786,57.65007],[-4.41558,57.60583],[-4.40789,57.59309],[-4.42891,57.59844],[-4.40679,57.59274],[-4.44499,57.56371],[-4.23431,57.66934],[-4.16552,57.67585],[-4.16515,57.65692],[-3.9935,57.67741],[-4.10203,57.60746],[-4.11294,57.5901],[-4.09121,57.57404],[-4.14054,57.57746],[-4.18824,57.54563],[-4.2522,57.54937],[-4.19354,57.53755],[-4.23438,57.50074],[-4.38297,57.5116],[-4.47667,57.47119],[-4.41324,57.49781],[-4.38079,57.47692],[-4.2373,57.4955],[-4.22807,57.46921],[-4.23434,57.4957],[-4.17832,57.48527],[-4.14738,57.51843],[-4.11277,57.51606],[-4.04071,57.56015],[-4.07637,57.58289],[-4.05807,57.59092],[-3.95563,57.58856],[-4.00769,57.60312],[-3.86568,57.5833],[-3.68993,57.6577],[-3.73341,57.64935],[-3.64896,57.66295],[-3.6197,57.65528],[-3.65212,57.63795],[-3.6079,57.6271],[-3.57694,57.64042],[-3.62618,57.66223],[-3.52947,57.66422],[-3.49666,57.6791],[-3.49754,57.70419],[-3.34199,57.72489],[-3.27872,57.72444],[-3.25369,57.69127],[-3.28105,57.71837],[-3.10523,57.66824],[-3.01441,57.6643],[-2.85877,57.70651],[-2.74019,57.68189],[-2.57447,57.68271],[-2.52098,57.67059],[-2.52852,57.65148],[-2.49748,57.67313],[-2.34457,57.66991],[-2.29755,57.6962],[-2.19192,57.67132],[-2.11805,57.7011],[-2.00542,57.69885],[-1.95399,57.67496],[-1.97085,57.66858],[-1.92007,57.67491],[-1.8907,57.63416],[-1.82354,57.61224],[-1.82648,57.56777],[-1.80414,57.55639],[-1.79728,57.5175],[-1.81148,57.51809],[-1.76708,57.50689],[-1.79362,57.49738],[-1.77544,57.4965],[-1.79608,57.48471],[-1.78092,57.46132],[-1.9861,57.31072],[-1.9906,57.34895],[-2.05288,57.3635],[-1.99522,57.34684],[-2.02193,57.33433],[-1.99883,57.3317],[-1.9899,57.30604],[-2.07871,57.17666],[-2.10786,57.17681],[-2.07883,57.17526],[-2.06106,57.14568],[-2.09502,57.14539],[-2.07541,57.14125],[-2.12468,57.11912],[-2.05562,57.14489],[-2.04864,57.1283],[-2.09217,57.06798],[-2.16129,57.01808],[-2.17725,56.97979],[-2.20917,56.96764],[-2.1911,56.95077],[-2.19654,56.90889],[-2.23325,56.86278],[-2.32634,56.79598],[-2.44513,56.75191],[-2.42694,56.75212],[-2.45222,56.70437],[-2.47817,56.72213],[-2.5572,56.71548],[-2.43589,56.70098],[-2.44693,56.68005],[-2.52877,56.64667],[-2.50827,56.6544],[-2.48028,56.62137],[-2.53785,56.567],[-2.71842,56.49503],[-2.73459,56.46548],[-2.79586,56.48049],[-2.98894,56.45132],[-3.05265,56.45886],[-3.16201,56.4175],[-3.1499,56.41383],[-3.19316,56.38446],[-3.29111,56.35822],[-3.4132,56.37955],[-3.45422,56.42223],[-3.42965,56.40575],[-3.42739,56.37836],[-3.38261,56.38406],[-3.30124,56.35357],[-3.33889,56.33898],[-3.44648,56.35792],[-3.34477,56.35123],[-3.34214,56.33753],[-3.33361,56.35172],[-3.2263,56.35506],[-2.9202,56.45173],[-2.81703,56.44371],[-2.8012,56.42334],[-2.81216,56.38963],[-2.83907,56.3713],[-2.90124,56.37321],[-2.88974,56.35775],[-2.92599,56.34099],[-2.82006,56.36791],[-2.7905,56.33511],[-2.66033,56.31835],[-2.58535,56.27909],[-2.59536,56.2684],[-2.81306,56.18326],[-2.94331,56.2135],[-3.0144,56.19414],[-2.99638,56.18935],[-3.15076,56.11683],[-3.17451,56.06262],[-3.3955,56.02907],[-3.39085,56.00582],[-3.57553,56.05886],[-3.68536,56.04784],[-3.76937,56.08791],[-3.7731,56.1079],[-3.77263,56.09342],[-3.83004,56.10327],[-3.84525,56.12481],[-3.86652,56.10779],[-3.88856,56.13152],[-3.92893,56.11958],[-3.91842,56.13382],[-3.96775,56.13927],[-3.91936,56.1336],[-3.92847,56.11889],[-3.88062,56.12369],[-3.90359,56.11081],[-3.80308,56.10678],[-3.74234,56.0677],[-3.75124,56.05798],[-3.73374,56.06465],[-3.71674,56.02676],[-3.79969,56.02058],[-3.6827,56.03604],[-3.72055,56.01366],[-3.6804,56.03024],[-3.672,56.01449],[-3.69472,55.99841],[-3.59758,56.02096],[-3.50469,55.99798],[-3.35197,56.00158],[-3.30378,55.97526],[-3.1823,55.99139],[-3.05335,55.94272],[-2.90089,55.9811],[-2.89076,56.01021],[-2.83725,56.01895],[-2.85865,56.01835],[-2.86586,56.03762],[-2.81317,56.0633],[-2.67897,56.06185],[-2.58181,56.02323],[-2.58283,56.00725],[-2.62384,55.9968],[-2.512,56.00569],[-2.33043,55.93025],[-2.13785,55.91706],[-2.13454,55.89172],[-2.0769,55.8726],[-2.03442,55.81112],[-2.08612,55.79305],[-2.08574,55.76274],[-2.11772,55.73927],[-2.177,55.71838],[-2.16723,55.70604],[-2.24817,55.65235],[-2.2348,55.64081],[-2.30579,55.64704],[-2.33601,55.63205],[-2.30863,55.62888],[-2.28854,55.58005],[-2.24031,55.55563],[-2.20159,55.47552],[-2.16552,55.46838],[-2.23128,55.42843],[-2.33563,55.40821],[-2.33748,55.36728],[-2.37891,55.34917],[-2.47519,55.35477],[-2.55904,55.31783],[-2.64677,55.26004],[-2.61145,55.24713],[-2.63023,55.24479],[-2.63141,55.2237],[-2.66681,55.22158],[-2.70348,55.17317],[-2.8255,55.13831],[-2.95859,55.04929],[-3.05093,55.0528],[-3.03024,55.02465],[-3.05643,54.98703],[-3.09124,54.9754],[-3.26464,54.96913],[-3.2627,54.99889],[-3.27877,54.97873],[-3.26781,54.96559],[-3.40847,54.97441],[-3.43157,54.9942],[-3.46106,54.98069],[-3.5129,54.99292],[-3.43729,54.98904],[-3.52267,54.96539],[-3.56036,54.98002],[-3.61519,55.0681],[-3.61062,55.0228],[-3.58081,55.01401],[-3.59107,54.99836],[-3.57617,54.98066],[-3.60639,54.97443],[-3.58399,54.97466],[-3.58952,54.92476],[-3.56309,54.90765],[-3.59516,54.87292],[-3.7006,54.88166],[-3.67546,54.89376],[-3.78834,54.85323],[-3.81262,54.89517],[-3.83713,54.89353],[-3.81922,54.91817],[-3.84089,54.92871],[-3.81958,54.91839],[-3.83973,54.89567],[-3.80711,54.8456],[-3.8429,54.86765],[-3.86109,54.86457],[-3.83528,54.84605],[-3.86374,54.84592],[-3.8245,54.82366],[-3.96344,54.77194],[-4.04529,54.76996],[-4.06533,54.78171],[-4.04815,54.82077],[-4.07328,54.8144],[-4.03438,54.85936],[-4.05054,54.86681],[-4.04536,54.84637],[-4.09133,54.81436],[-4.08989,54.78189],[-4.10619,54.77844],[-4.095,54.76546],[-4.12152,54.78786],[-4.15966,54.78034],[-4.21958,54.82537],[-4.22327,54.84898],[-4.18576,54.8863],[-4.25741,54.83733],[-4.30045,54.84253],[-4.38334,54.87772],[-4.38173,54.90062],[-4.42074,54.9237],[-4.40317,54.93902],[-4.41005,54.95802],[-4.4177,54.93194],[-4.47425,54.9503],[-4.39915,54.91448],[-4.42368,54.88805],[-4.43726,54.89741],[-4.4294,54.88587],[-4.39492,54.89388],[-4.42832,54.88406],[-4.43501,54.85798],[-4.4813,54.86205],[-4.42782,54.85565],[-4.43631,54.84621],[-4.42227,54.86395],[-4.41408,54.82804],[-4.34249,54.80219],[-4.36941,54.7929],[-4.35479,54.76708],[-4.36706,54.7226],[-4.34862,54.71128],[-4.36519,54.69106],[-4.40515,54.67768],[-4.48952,54.70154],[-4.70866,54.82389],[-4.78157,54.83245],[-4.81785,54.86699],[-4.87839,54.86991],[-4.84952,54.86075],[-4.93353,54.83382],[-4.9611,54.80392],[-4.90568,54.70106],[-4.86676,54.68193],[-4.87835,54.64045],[-4.85281,54.63748],[-4.92247,54.64344],[-4.96583,54.66548],[-4.95565,54.726],[-4.99256,54.735],[-5.01061,54.78337],[-5.14545,54.85763],[-5.18507,54.91524],[-5.18721,54.95117],[-5.16023,55.00744],[-5.09829,55.01807],[-5.06133,54.96783],[-5.07506,54.96367],[-5.06081,54.92374],[-5.03028,54.90625],[-4.99366,54.91484],[-5.06054,55.02808],[-5.00627,55.09344],[-4.99649,55.13826],[-4.86007,55.22737],[-4.83609,55.28314],[-4.84718,55.32377],[-4.7755,55.35936],[-4.75362,55.41616],[-4.64794,55.43713],[-4.64562,55.46956],[-4.62161,55.45957],[-4.64406,55.47058],[-4.62231,55.51573],[-4.68549,55.54659],[-4.65715,55.56026],[-4.69572,55.60415],[-4.67493,55.6214],[-4.68707,55.60915],[-4.71358,55.63525],[-4.68603,55.6423],[-4.71489,55.63485],[-4.69821,55.60578],[-4.7548,55.63374],[-4.79575,55.63045],[-4.90549,55.69917],[-4.88482,55.7293],[-4.89547,55.73686],[-4.87338,55.73035],[-4.87601,55.74894],[-4.85567,55.75766],[-4.89218,55.83878],[-4.89869,55.89116],[-4.87141,55.90989],[-4.8788,55.94231],[-4.79173,55.96342],[-4.67046,55.93306],[-4.48707,55.92643],[-4.40691,55.89216],[-4.47076,55.87516],[-4.40725,55.88249],[-4.42241,55.85109],[-4.40363,55.89131],[-4.35253,55.86535],[-4.19461,55.8383],[-4.34098,55.87018],[-4.48339,55.93011],[-4.56314,55.93524],[-4.57178,55.96723],[-4.57404,55.93801],[-4.70173,55.96729],[-4.68506,55.97564],[-4.70074,55.99313],[-4.78746,56.0151],[-4.83073,56.07987],[-4.84179,56.05881],[-4.82574,56.03349],[-4.76695,55.9896],[-4.85189,55.98904],[-4.87997,56.05816],[-4.74633,56.20694],[-4.86166,56.10042],[-4.88684,56.10918],[-4.90136,56.17042],[-4.91768,56.16401],[-4.89997,56.14608],[-4.90933,56.11218],[-4.87411,56.08641],[-4.91443,56.05128],[-4.89751,55.98354],[-4.96156,56.00592],[-4.96103,55.98964],[-4.90786,55.96847],[-4.97888,55.86177],[-5.04486,55.87081],[-5.0685,55.9522],[-5.1054,55.97159],[-5.12317,56.00966],[-5.07743,55.89795],[-5.17836,55.93281],[-5.19287,55.98641],[-5.19599,55.93212],[-5.24219,55.89444],[-5.2042,55.82689],[-5.25621,55.85174],[-5.31246,55.8525],[-5.31121,55.87563],[-5.35222,55.89827],[-5.32703,55.95589],[-5.34679,55.96906],[-5.34188,55.99507],[-5.20054,56.10823],[-5.20324,56.12838],[-5.10188,56.15595],[-5.05518,56.2109],[-4.91675,56.27231],[-5.04632,56.23393],[-5.03988,56.26046],[-5.11084,56.1995],[-5.11734,56.17084],[-5.23674,56.1284],[-5.30575,56.0613],[-5.33395,56.06813],[-5.34667,56.02167],[-5.40552,56.00054],[-5.44063,56.0379],[-5.45111,55.97185],[-5.39539,55.87049],[-5.41507,55.86359],[-5.33976,55.82721],[-5.31458,55.78314],[-5.45103,55.70713],[-5.48366,55.64264],[-5.45845,55.57642],[-5.48852,55.5848],[-5.48998,55.52993],[-5.51034,55.48756],[-5.54559,55.46604],[-5.5505,55.43433],[-5.6041,55.42593],[-5.55146,55.41776],[-5.52096,55.3605],[-5.6036,55.30752],[-5.76159,55.28887],[-5.80209,55.30297],[-5.79625,55.39149],[-5.71623,55.44244],[-5.70376,55.53258],[-5.71617,55.57348],[-5.67237,55.63272],[-5.66307,55.66784],[-5.67655,55.68244],[-5.61996,55.70974],[-5.56983,55.76693],[-5.479,55.80402],[-5.43551,55.8572],[-5.53921,55.78609],[-5.61555,55.76071],[-5.60508,55.79225],[-5.66439,55.7993],[-5.66493,55.84016],[-5.56887,55.94018],[-5.67771,55.88656],[-5.6884,55.9109],[-5.56615,56.04116],[-5.60899,56.02403],[-5.57955,56.05459],[-5.6584,55.98362],[-5.63571,56.01292],[-5.65198,56.00067],[-5.66827,55.96394],[-5.71496,55.94872],[-5.58465,56.09175],[-5.50945,56.07845],[-5.54465,56.08375],[-5.53029,56.10056],[-5.56859,56.11367],[-5.50809,56.19121],[-5.61466,56.13156],[-5.56676,56.21076],[-5.54077,56.21749],[-5.56576,56.23754],[-5.48131,56.25695],[-5.5052,56.27012],[-5.59603,56.24882],[-5.57759,56.33352],[-5.44154,56.36434],[-5.52039,56.34535],[-5.5382,56.35968],[-5.51408,56.39562],[-5.47275,56.41292],[-5.48389,56.43595],[-5.46102,56.44802],[-5.26698,56.45792],[-5.23724,56.43625],[-5.19049,56.44831],[-5.11834,56.48763],[-5.05996,56.56006],[-5.15695,56.50206],[-5.18459,56.46093],[-5.23023,56.44664],[-5.34648,56.47178],[-5.40703,56.45889],[-5.41953,56.50755],[-5.45387,56.47612],[-5.45163,56.48798],[-5.47381,56.48098],[-5.4203,56.52656],[-5.35891,56.51358],[-5.23148,56.56389],[-5.36645,56.52384],[-5.41672,56.53902],[-5.40827,56.56068],[-5.3694,56.56591],[-5.38789,56.57646],[-5.36079,56.6039],[-5.29592,56.63894],[-5.31739,56.65341],[-5.22355,56.6863],[-5.13741,56.67711],[-4.9694,56.71456],[-5.16222,56.68524],[-5.24741,56.70303],[-5.08446,56.83262],[-5.34828,56.85915],[-5.12271,56.82721],[-5.24026,56.76675],[-5.23058,56.75113],[-5.25651,56.732],[-5.24265,56.7204],[-5.28413,56.70063],[-5.30642,56.71399],[-5.47027,56.61528],[-5.5285,56.61624],[-5.49219,56.6063],[-5.54778,56.55359],[-5.68521,56.49714],[-5.7714,56.53254],[-5.74813,56.56484],[-5.78463,56.53235],[-5.90459,56.55117],[-6.00122,56.61992],[-6.00726,56.64513],[-5.90626,56.65781],[-5.83069,56.62115],[-5.87958,56.65304],[-5.74676,56.70169],[-5.67379,56.67701],[-5.53431,56.68892],[-5.65478,56.68193],[-5.77767,56.71679],[-5.83555,56.67491],[-5.94571,56.68864],[-5.97427,56.67243],[-6.1099,56.69747],[-6.18443,56.68732],[-6.22631,56.71152],[-6.2269,56.72783],[-6.1814,56.73905],[-6.19121,56.75337],[-6.14464,56.76197],[-6.00566,56.76314],[-6.01428,56.77199],[-5.96593,56.78469],[-5.90945,56.74963],[-5.88639,56.76333],[-5.84465,56.73939],[-5.84937,56.76024],[-5.89301,56.7792],[-5.85505,56.7676],[-5.79668,56.79169],[-5.74676,56.78416],[-5.86703,56.81243],[-5.85583,56.83325],[-5.71772,56.844],[-5.66601,56.87531],[-5.69033,56.87951],[-5.72623,56.85103],[-5.78886,56.85971],[-5.72193,56.88701],[-5.73772,56.89615],[-5.88717,56.87419],[-5.92417,56.89114],[-5.8437,56.90698],[-5.88288,56.92262],[-5.85604,56.9268],[-5.86747,56.93405],[-5.84477,56.96689],[-5.81716,56.96067],[-5.84723,56.97256],[-5.82063,57.01186],[-5.72742,57.01831],[-5.70866,56.99102],[-5.63562,56.9698],[-5.50768,56.99452],[-5.52073,57.00705],[-5.61733,56.9823],[-5.66243,56.99487],[-5.68432,57.01858],[-5.67351,57.03384],[-5.74904,57.02931],[-5.76204,57.05144],[-5.79145,57.0528],[-5.79762,57.06527],[-5.72201,57.1182],[-5.59201,57.1192],[-5.51999,57.08143],[-5.50954,57.09743],[-5.3849,57.10693],[-5.52737,57.10189],[-5.56154,57.13361],[-5.65963,57.14266],[-5.69301,57.16907],[-5.63172,57.20025],[-5.6213,57.22005],[-5.65642,57.22799],[-5.63802,57.24919],[-5.53062,57.27131],[-5.423,57.21365],[-5.38934,57.23176],[-5.46,57.24089],[-5.51613,57.27949],[-5.48552,57.3066],[-5.43072,57.31496],[-5.39828,57.30031],[-5.40776,57.3099],[-5.46509,57.31584],[-5.51996,57.277],[-5.59257,57.27085],[-5.73372,57.28327],[-5.71813,57.28352],[-5.71663,57.31515],[-5.66863,57.32725],[-5.68587,57.34157],[-5.5339,57.35311],[-5.45744,57.39111],[-5.44217,57.42269],[-5.55203,57.35819],[-5.63571,57.36663],[-5.59406,57.39097],[-5.61496,57.3995],[-5.60782,57.42106],[-5.62494,57.39793],[-5.73031,57.35479],[-5.78834,57.34636],[-5.80807,57.37624],[-5.82198,57.36355],[-5.83136,57.39054],[-5.80601,57.39128],[-5.82539,57.41915],[-5.80614,57.43903],[-5.85386,57.44241],[-5.87288,57.47414],[-5.83625,57.57902],[-5.81162,57.58564],[-5.74166,57.54318],[-5.7066,57.53971],[-5.70887,57.55627],[-5.69725,57.53004],[-5.64965,57.50891],[-5.65649,57.54216],[-5.62084,57.52078],[-5.60613,57.53583],[-5.51079,57.53711],[-5.58922,57.5568],[-5.66851,57.54557],[-5.75562,57.6236],[-5.81879,57.63927],[-5.78919,57.69741],[-5.67166,57.70142],[-5.69635,57.73014],[-5.81287,57.74989],[-5.80107,57.79338],[-5.81386,57.85813],[-5.6835,57.8652],[-5.69258,57.84383],[-5.66138,57.82268],[-5.66883,57.80005],[-5.60352,57.7651],[-5.62215,57.78981],[-5.57914,57.79048],[-5.59769,57.80188],[-5.58192,57.83607],[-5.64237,57.85608],[-5.6559,57.8787],[-5.6184,57.92434],[-5.55224,57.91302],[-5.54056,57.86958],[-5.48807,57.85612],[-5.45449,57.85092],[-5.42229,57.90912],[-5.3104,57.86083],[-5.21242,57.84641],[-5.40614,57.92774],[-5.36068,57.93902],[-5.33041,57.91434],[-5.23965,57.91764],[-5.12785,57.87461],[-5.06775,57.81598],[-5.09904,57.86934],[-5.22359,57.9249],[-5.17391,57.95614],[-5.19235,57.94428],[-5.19223,57.95746],[-5.31103,57.97901],[-5.33066,58.00666],[-5.35526,58.00665],[-5.35703,58.02638],[-5.42037,58.03311],[-5.41254,58.05278],[-5.45773,58.07714],[-5.42737,58.10617],[-5.35697,58.05769],[-5.33933,58.08028],[-5.30056,58.06423],[-5.2668,58.10197],[-5.30298,58.11953],[-5.26219,58.12108],[-5.29906,58.13742],[-5.23954,58.1466],[-5.30971,58.15505],[-5.2788,58.16696],[-5.30997,58.16235],[-5.30413,58.17569],[-5.40476,58.23582],[-5.37604,58.26422],[-5.31046,58.22416],[-5.21808,58.25594],[-5.15882,58.23296],[-5.16553,58.25836],[-5.12003,58.24741],[-5.13214,58.26294],[-5.10911,58.2701],[-5.05439,58.24599],[-5.00748,58.25488],[-4.9359,58.21387],[-4.99468,58.25062],[-4.92313,58.25764],[-5.08149,58.26381],[-5.13985,58.2913],[-5.14719,58.30219],[-5.12732,58.31062],[-5.14707,58.31181],[-5.1275,58.31994],[-5.16963,58.32193],[-5.15808,58.3346],[-5.18288,58.35108],[-5.15458,58.3529],[-5.17593,58.36195],[-5.14446,58.38528],[-5.14176,58.4123],[-5.01953,58.37683],[-5.07112,58.40222],[-5.03125,58.41055],[-5.09484,58.40698],[-5.11361,58.41427],[-5.07241,58.41539],[-5.11563,58.4284],[-5.06137,58.44878],[-5.07495,58.45183],[-4.99319,58.42312],[-4.991,58.44032],[-5.07713,58.45695],[-5.05492,58.46278],[-5.12572,58.48901],[-5.11343,58.52176],[-5.05091,58.5408],[-5.0141,58.57756],[-5.00282,58.62713],[-4.82486,58.59669],[-4.82053,58.5626],[-4.79321,58.54675],[-4.83119,58.52251],[-4.81152,58.52656],[-4.81282,58.51077],[-4.7783,58.54727],[-4.8057,58.56387],[-4.76569,58.58057],[-4.79178,58.6008],[-4.76806,58.6052],[-4.73479,58.56638],[-4.65407,58.55154],[-4.65336,58.53275],[-4.75236,58.44504],[-4.66423,58.48229],[-4.64231,58.52045],[-4.61582,58.51316],[-4.59328,58.53467],[-4.60441,58.55441],[-4.58948,58.5777],[-4.43712,58.55633],[-4.40921,58.52166],[-4.45499,58.4962],[-4.47632,58.43983],[-4.4229,58.47441],[-4.44996,58.49469],[-4.42003,58.49361],[-4.35142,58.53835],[-4.26803,58.53692],[-4.26622,58.51793],[-4.23623,58.52639],[-4.21156,58.4949],[-4.24084,58.53746],[-4.21331,58.53004],[-4.2143,58.55126],[-4.17626,58.54079],[-4.12605,58.5694],[-4.0735,58.55054],[-4.01899,58.60171],[-4.00441,58.5635],[-3.93311,58.57357],[-3.90079,58.53766],[-3.90295,58.56625],[-3.77999,58.56289],[-3.65619,58.62136],[-3.53551,58.62298],[-3.55211,58.60828],[-3.51297,58.59934],[-3.52688,58.58764],[-3.45952,58.61246],[-3.37247,58.59432],[-3.34904,58.6189],[-3.41359,58.64289],[-3.3724,58.67117]]],[[[-3.11297,58.69326],[-3.10556,58.67145],[-3.14045,58.66773],[-3.11297,58.69326]]],[[[-3.19846,59.15425],[-3.07328,59.12351],[-3.04571,59.10503],[-3.06173,59.09606],[-3.00406,59.07199],[-3.01181,59.03882],[-3.06512,59.04959],[-3.06124,59.02349],[-3.12412,59.01046],[-3.11143,59.00433],[-3.05469,58.9935],[-3.00624,59.01001],[-2.96042,58.98472],[-2.93202,59.01461],[-2.90194,59.00974],[-2.91551,58.99303],[-2.88805,58.99092],[-2.91938,58.98263],[-2.9189,58.96498],[-2.88688,58.96027],[-2.85548,58.98614],[-2.79962,58.99211],[-2.79193,58.96539],[-2.84712,58.95981],[-2.82505,58.93438],[-2.84176,58.92534],[-2.78384,58.9162],[-2.80533,58.94779],[-2.71009,58.97324],[-2.7105,58.92233],[-2.78587,58.91453],[-2.83281,58.87182],[-2.89701,58.89553],[-2.8837,58.88964],[-2.91301,58.86914],[-2.88484,58.87364],[-2.88806,58.85469],[-2.85788,58.85311],[-2.90129,58.84159],[-2.87789,58.81904],[-2.93064,58.7943],[-2.92097,58.78305],[-2.93968,58.76713],[-2.90932,58.75471],[-2.91656,58.73532],[-2.96245,58.72998],[-2.99248,58.75388],[-2.97908,58.78619],[-3.02199,58.80516],[-2.97423,58.81797],[-3.03671,58.81928],[-2.90794,58.83878],[-2.98947,58.85362],[-2.91497,58.85537],[-2.92393,58.8775],[-2.89582,58.89043],[-2.93129,58.89066],[-2.97287,58.94011],[-2.96989,58.96049],[-3.19961,58.91208],[-3.22826,58.93158],[-3.24791,58.98189],[-3.30028,58.95007],[-3.35574,58.96485],[-3.3662,59.01522],[-3.35681,59.04831],[-3.33464,59.05422],[-3.35777,59.10363],[-3.32007,59.12313],[-3.32512,59.13599],[-3.19846,59.15425]]]]}},{"type":"Feature","properties":{"id":"W92000004","name":"Wales","type":"country"},"geometry":{"type":"MultiPolygon","coordinates":[[[[-4.32465,51.56581],[-4.31463,51.56278],[-4.33359,51.56514],[-4.32465,51.56581]]],[[[-4.70221,51.64228],[-4.67467,51.63773],[-4.68406,51.62992],[-4.70347,51.63202],[-4.70134,51.63837],[-4.70951,51.64218],[-4.70221,51.64228]]],[[[-5.27399,51.7035],[-5.26465,51.70184],[-5.27755,51.69332],[-5.29013,51.69557],[-5.27399,51.7035]]],[[[-5.30064,51.74517],[-5.26884,51.73532],[-5.29304,51.72832],[-5.31469,51.73735],[-5.30064,51.74517]]],[[[-5.33707,51.87772],[-5.32981,51.8777],[-5.33183,51.85652],[-5.34227,51.85376],[-5.35318,51.86538],[-5.34201,51.86914],[-5.34826,51.87608],[-5.33707,51.87772]]],[[[-4.79373,52.76864],[-4.77989,52.76602],[-4.78022,52.75899],[-4.80165,52.74508],[-4.79373,52.76864]]],[[[-3.09112,53.25945],[-3.08596,53.25677],[-3.09638,53.25699],[-3.09112,53.25945]]],[[[-3.10036,53.25954],[-3.02591,53.24846],[-2.94951,53.21128],[-2.92049,53.18291],[-3.05949,53.22359],[-3.09464,53.2449],[-3.07869,53.24481],[-3.07206,53.23538],[-3.06655,53.23868],[-3.07517,53.24108],[-3.05927,53.24575],[-3.09702,53.24778],[-3.10045,53.25786],[-3.10928,53.25789],[-3.10036,53.25954]]],[[[-3.10165,53.26722],[-3.09543,53.26218],[-3.11289,53.26395],[-3.10165,53.26722]]],[[[-3.10722,53.27196],[-3.10168,53.26725],[-3.11134,53.26636],[-3.10722,53.27196]]],[[[-4.64725,53.32083],[-4.62005,53.31749],[-4.63136,53.30783],[-4.6208,53.3127],[-4.61119,53.30278],[-4.58492,53.30103],[-4.58375,53.29023],[-4.6099,53.27934],[-4.59802,53.28273],[-4.59182,53.27949],[-4.59736,53.27437],[-4.57738,53.27301],[-4.58453,53.26326],[-4.56194,53.26406],[-4.57269,53.26162],[-4.55341,53.2471],[-4.59756,53.24035],[-4.61318,53.24654],[-4.60852,53.25591],[-4.6256,53.26935],[-4.61728,53.27915],[-4.6516,53.28791],[-4.68655,53.28407],[-4.67773,53.29829],[-4.69661,53.30709],[-4.68072,53.31571],[-4.6813,53.32344],[-4.6618,53.3189],[-4.61907,53.33079],[-4.64725,53.32083]]],[[[-3.30821,53.35409],[-3.31245,53.34232],[-3.29833,53.33208],[-3.27322,53.32066],[-3.26148,53.32615],[-3.25858,53.31473],[-3.20122,53.29361],[-3.18042,53.27583],[-3.13158,53.25797],[-3.13533,53.25369],[-3.10895,53.24092],[-3.04451,53.22016],[-3.04424,53.2141],[-3.04393,53.22002],[-2.93161,53.18035],[-2.92039,53.18222],[-2.94404,53.16525],[-2.99509,53.1542],[-2.9795,53.15062],[-2.94367,53.12163],[-2.90339,53.1118],[-2.88094,53.12137],[-2.90185,53.09167],[-2.87572,53.08152],[-2.88175,53.07459],[-2.86151,53.06077],[-2.87256,53.05871],[-2.85924,53.05416],[-2.87012,53.04536],[-2.85572,53.03726],[-2.86104,53.02285],[-2.84406,53.01767],[-2.836,52.99715],[-2.80331,52.98959],[-2.76686,52.99468],[-2.75994,52.98642],[-2.72684,52.98327],[-2.73529,52.96995],[-2.72418,52.95712],[-2.72854,52.92518],[-2.75533,52.92463],[-2.79885,52.89576],[-2.8385,52.93218],[-2.84101,52.94262],[-2.88743,52.95253],[-2.92889,52.93868],[-2.95981,52.95117],[-2.97477,52.96895],[-2.98202,52.9592],[-3.00986,52.95604],[-3.03501,52.92951],[-3.09605,52.93032],[-3.11202,52.91357],[-3.11416,52.89398],[-3.1475,52.89017],[-3.13552,52.88501],[-3.15242,52.87875],[-3.12771,52.8671],[-3.16301,52.84749],[-3.15126,52.84256],[-3.16789,52.81927],[-3.16821,52.80733],[-3.15319,52.80637],[-3.16191,52.79925],[-3.15843,52.79349],[-3.11829,52.78358],[-3.08663,52.79559],[-3.09169,52.78675],[-3.07952,52.77151],[-3.01719,52.76764],[-3.01082,52.75846],[-3.02113,52.75156],[-2.99199,52.74376],[-2.99738,52.73835],[-2.99103,52.73372],[-2.96507,52.73227],[-2.9611,52.71639],[-2.9781,52.71536],[-2.97759,52.72659],[-3.00055,52.72028],[-3.02036,52.7251],[-3.02249,52.70667],[-3.04705,52.69127],[-3.04566,52.67546],[-3.03858,52.67537],[-3.05112,52.64737],[-3.08357,52.64129],[-3.05981,52.63075],[-3.07319,52.62896],[-3.09362,52.60934],[-3.08956,52.59951],[-3.11741,52.58576],[-3.1395,52.58572],[-3.1115,52.54136],[-3.13717,52.53394],[-3.13308,52.52747],[-3.08541,52.5345],[-3.08075,52.53914],[-3.09394,52.5449],[-3.08728,52.55133],[-3.01444,52.5755],[-3.00057,52.56798],[-2.99431,52.55305],[-3.00387,52.51983],[-3.03238,52.52373],[-3.03671,52.51328],[-3.0292,52.50127],[-3.11155,52.49885],[-3.18059,52.47384],[-3.19724,52.47599],[-3.23196,52.45305],[-3.23555,52.44251],[-3.21954,52.42125],[-3.17885,52.40945],[-3.16058,52.39993],[-3.15445,52.38772],[-3.11061,52.37719],[-3.05993,52.34801],[-3.04017,52.34433],[-2.9745,52.3547],[-2.95465,52.34915],[-2.9668,52.32945],[-3.00087,52.32177],[-3.00132,52.29994],[-3.01261,52.27941],[-2.94962,52.26953],[-2.9775,52.25977],[-3.0055,52.26427],[-3.03617,52.25666],[-3.04832,52.25023],[-3.04422,52.23793],[-3.07312,52.23579],[-3.07801,52.21605],[-3.07209,52.21309],[-3.10208,52.20272],[-3.09465,52.18374],[-3.12243,52.16342],[-3.0989,52.15473],[-3.08403,52.16317],[-3.07254,52.15577],[-3.09369,52.14431],[-3.13587,52.13791],[-3.14192,52.12787],[-3.10492,52.11674],[-3.10535,52.10542],[-3.12268,52.10315],[-3.1188,52.08882],[-3.12589,52.07831],[-3.09078,52.05083],[-3.08629,52.04019],[-3.0992,52.02269],[-3.06738,51.98314],[-3.02593,51.95727],[-3.00852,51.93808],[-3.00812,51.92713],[-2.97667,51.92749],[-2.9718,51.90496],[-2.87796,51.93384],[-2.84516,51.92227],[-2.86187,51.91398],[-2.84201,51.91775],[-2.83614,51.90607],[-2.76846,51.88054],[-2.7788,51.86586],[-2.73885,51.83662],[-2.71967,51.84887],[-2.71513,51.84024],[-2.69734,51.8448],[-2.69337,51.83387],[-2.6662,51.83562],[-2.6504,51.82612],[-2.66087,51.82275],[-2.65954,51.81068],[-2.6783,51.80332],[-2.66981,51.79427],[-2.68045,51.76893],[-2.66278,51.7536],[-2.67242,51.73663],[-2.68788,51.73093],[-2.66882,51.70581],[-2.68415,51.70057],[-2.67031,51.69407],[-2.67247,51.68043],[-2.65755,51.67421],[-2.68703,51.66398],[-2.66673,51.66413],[-2.68103,51.64684],[-2.66893,51.64501],[-2.66956,51.63389],[-2.65809,51.623],[-2.6665,51.61053],[-2.69558,51.60341],[-2.71281,51.58227],[-2.75608,51.57871],[-2.84508,51.54566],[-2.90488,51.5324],[-2.92254,51.53583],[-2.91402,51.54258],[-2.95124,51.53509],[-2.98049,51.54406],[-2.96116,51.55203],[-2.98356,51.56836],[-2.96876,51.57812],[-2.99218,51.58933],[-2.99137,51.60843],[-2.95499,51.60195],[-2.93453,51.61512],[-2.94078,51.6173],[-2.89586,51.63011],[-2.88602,51.63908],[-2.8891,51.64799],[-2.89605,51.63071],[-2.94483,51.62124],[-2.93573,51.61522],[-2.94964,51.61554],[-2.94168,51.61331],[-2.95679,51.60223],[-2.9705,51.61015],[-2.99339,51.60946],[-2.99324,51.59668],[-3.00363,51.59848],[-2.99091,51.60175],[-2.99391,51.58882],[-2.97555,51.57658],[-2.98669,51.56827],[-2.96953,51.55648],[-2.98849,51.54949],[-3.00492,51.56577],[-2.98931,51.54751],[-3.00448,51.53051],[-3.10625,51.49193],[-3.13143,51.49189],[-3.14162,51.51228],[-3.13297,51.49226],[-3.12221,51.49018],[-3.14019,51.47292],[-3.13613,51.46682],[-3.16467,51.45109],[-3.17053,51.40586],[-3.19148,51.39962],[-3.22647,51.40291],[-3.27893,51.38539],[-3.28583,51.38966],[-3.2815,51.39331],[-3.28959,51.38591],[-3.31074,51.39268],[-3.34149,51.38108],[-3.39604,51.38291],[-3.39511,51.39781],[-3.39665,51.38234],[-3.40559,51.381],[-3.41741,51.38802],[-3.55896,51.40133],[-3.59689,51.44109],[-3.64103,51.46234],[-3.64192,51.4679],[-3.61982,51.4768],[-3.63832,51.46993],[-3.65892,51.48005],[-3.69963,51.47304],[-3.72083,51.47968],[-3.73328,51.49766],[-3.74942,51.50405],[-3.76283,51.53808],[-3.78927,51.56971],[-3.8174,51.57432],[-3.7972,51.56928],[-3.80223,51.58188],[-3.81704,51.57962],[-3.7907,51.59288],[-3.81176,51.58349],[-3.85083,51.61447],[-3.82468,51.6283],[-3.83167,51.62603],[-3.83595,51.6517],[-3.78811,51.67273],[-3.82015,51.6549],[-3.83093,51.65796],[-3.83832,51.65058],[-3.83652,51.63874],[-3.84074,51.64391],[-3.83684,51.6386],[-3.84507,51.63629],[-3.83248,51.63612],[-3.83438,51.62602],[-3.85455,51.62244],[-3.84906,51.61898],[-3.89354,51.61882],[-3.92674,51.60661],[-3.9293,51.61671],[-3.92876,51.6082],[-3.92873,51.61346],[-3.95483,51.61261],[-3.9939,51.5987],[-4.00065,51.58029],[-3.97652,51.56875],[-3.98157,51.56453],[-4.02433,51.56315],[-4.03426,51.57013],[-4.06423,51.55725],[-4.11146,51.57003],[-4.10396,51.57745],[-4.15631,51.56205],[-4.16103,51.55526],[-4.14618,51.54515],[-4.15282,51.54095],[-4.19481,51.54826],[-4.21078,51.53715],[-4.27882,51.5615],[-4.30816,51.56302],[-4.28901,51.57635],[-4.30921,51.60962],[-4.27965,51.61591],[-4.25505,51.63086],[-4.2455,51.64759],[-4.2306,51.64774],[-4.24247,51.64635],[-4.23253,51.64225],[-4.24744,51.62781],[-4.23991,51.6217],[-4.24556,51.61799],[-4.2421,51.62698],[-4.23671,51.62366],[-4.24249,51.62971],[-4.23226,51.6315],[-4.23389,51.62286],[-4.22871,51.63036],[-4.22372,51.62097],[-4.22537,51.62623],[-4.21296,51.62417],[-4.20554,51.61642],[-4.22465,51.62769],[-4.2089,51.62493],[-4.21768,51.63556],[-4.18636,51.62671],[-4.19778,51.62232],[-4.18659,51.62203],[-4.18779,51.61696],[-4.19209,51.62408],[-4.16553,51.62796],[-4.1732,51.61613],[-4.15888,51.62423],[-4.16415,51.62796],[-4.1557,51.62658],[-4.16433,51.62818],[-4.15473,51.6278],[-4.16262,51.62903],[-4.15847,51.63432],[-4.13378,51.63227],[-4.13745,51.64212],[-4.08643,51.64887],[-4.11658,51.64481],[-4.10242,51.65351],[-4.04857,51.6557],[-4.0813,51.66202],[-4.06257,51.67269],[-4.07677,51.68302],[-4.06786,51.68104],[-4.05998,51.69857],[-4.05222,51.69933],[-4.05336,51.709],[-4.04352,51.70628],[-4.04966,51.71205],[-4.04347,51.70677],[-4.05632,51.7132],[-4.05323,51.7009],[-4.07178,51.69903],[-4.06521,51.69289],[-4.08164,51.6888],[-4.08056,51.66955],[-4.08135,51.6749],[-4.08966,51.6717],[-4.08194,51.67021],[-4.08558,51.66164],[-4.13012,51.65797],[-4.13326,51.66537],[-4.14775,51.65473],[-4.16761,51.66407],[-4.16856,51.6808],[-4.16836,51.66608],[-4.17444,51.66565],[-4.18234,51.68073],[-4.21087,51.68514],[-4.28909,51.67695],[-4.26419,51.6735],[-4.29782,51.66854],[-4.32398,51.67876],[-4.369,51.71239],[-4.37993,51.73214],[-4.36055,51.73029],[-4.36299,51.72467],[-4.35752,51.7297],[-4.35621,51.72182],[-4.33544,51.7231],[-4.34197,51.71994],[-4.33646,51.71751],[-4.32557,51.72444],[-4.31649,51.71747],[-4.32182,51.72463],[-4.31485,51.71921],[-4.31395,51.72666],[-4.30333,51.72324],[-4.32502,51.7319],[-4.29546,51.74188],[-4.3216,51.73453],[-4.37174,51.74292],[-4.37593,51.75556],[-4.36302,51.77626],[-4.36607,51.78724],[-4.32402,51.80152],[-4.31825,51.81902],[-4.32723,51.82682],[-4.31099,51.83613],[-4.32177,51.8372],[-4.31243,51.83915],[-4.31856,51.84199],[-4.31442,51.85212],[-4.29494,51.85396],[-4.28821,51.86289],[-4.27477,51.85772],[-4.2523,51.86249],[-4.27498,51.858],[-4.28784,51.86349],[-4.29642,51.85401],[-4.32268,51.85118],[-4.31307,51.84004],[-4.32896,51.82885],[-4.31963,51.81918],[-4.32693,51.80083],[-4.36346,51.7965],[-4.37671,51.77569],[-4.40383,51.75728],[-4.44888,51.77011],[-4.43532,51.77933],[-4.44092,51.77371],[-4.43716,51.78231],[-4.45471,51.7886],[-4.45327,51.80189],[-4.45504,51.78993],[-4.46642,51.78889],[-4.49483,51.80479],[-4.49279,51.81676],[-4.49438,51.80892],[-4.52289,51.81006],[-4.49729,51.8101],[-4.4716,51.78924],[-4.45821,51.78808],[-4.4481,51.78108],[-4.46275,51.76912],[-4.45899,51.76046],[-4.41772,51.74486],[-4.46322,51.73168],[-4.55902,51.74198],[-4.5787,51.73427],[-4.61315,51.73814],[-4.66278,51.73129],[-4.69791,51.71113],[-4.68024,51.69728],[-4.6972,51.68629],[-4.70187,51.67454],[-4.69335,51.67196],[-4.71428,51.65879],[-4.71165,51.65157],[-4.75685,51.65368],[-4.76163,51.64877],[-4.75594,51.64401],[-4.77712,51.64243],[-4.78106,51.63493],[-4.81288,51.64513],[-4.86079,51.64711],[-4.86752,51.64101],[-4.86177,51.63872],[-4.90007,51.62567],[-4.90406,51.61706],[-4.89643,51.61013],[-4.923,51.61143],[-4.92622,51.59615],[-4.94837,51.59704],[-4.97545,51.61034],[-5.00759,51.60857],[-5.05941,51.6206],[-5.06211,51.62927],[-5.05,51.63842],[-5.06501,51.66333],[-5.12348,51.67125],[-5.1175,51.67472],[-5.12567,51.68162],[-5.10501,51.69211],[-5.07527,51.68781],[-5.08814,51.6847],[-5.07364,51.67779],[-5.04682,51.67622],[-5.04463,51.6848],[-5.05669,51.68786],[-5.05118,51.69387],[-5.02756,51.69503],[-5.00749,51.68732],[-4.98126,51.68913],[-4.9863,51.68393],[-4.97448,51.67179],[-4.94094,51.67754],[-4.93659,51.67181],[-4.93619,51.67951],[-4.92159,51.67884],[-4.97686,51.68781],[-4.93194,51.70461],[-4.92051,51.70075],[-4.9191,51.69204],[-4.88968,51.69337],[-4.91869,51.69861],[-4.90414,51.70791],[-4.89112,51.70602],[-4.88403,51.71667],[-4.86408,51.7146],[-4.84892,51.7025],[-4.85281,51.69522],[-4.84585,51.70063],[-4.84058,51.6944],[-4.84344,51.69966],[-4.81994,51.69694],[-4.84543,51.70126],[-4.84943,51.70547],[-4.841,51.70817],[-4.86112,51.71976],[-4.84715,51.71798],[-4.82342,51.72891],[-4.87956,51.71829],[-4.88315,51.73206],[-4.86871,51.73323],[-4.89698,51.74067],[-4.89019,51.76032],[-4.88041,51.76023],[-4.88824,51.76705],[-4.87118,51.76923],[-4.86426,51.78373],[-4.80922,51.79704],[-4.85515,51.79114],[-4.89594,51.76819],[-4.90797,51.77607],[-4.90932,51.78842],[-4.90845,51.77339],[-4.93948,51.76699],[-4.94333,51.77522],[-4.93448,51.78417],[-4.96702,51.80131],[-4.93598,51.78303],[-4.94911,51.76932],[-4.91467,51.7717],[-4.89991,51.76243],[-4.9157,51.7635],[-4.89931,51.74806],[-4.91425,51.74701],[-4.88896,51.73291],[-4.88797,51.72498],[-4.89493,51.71103],[-4.92086,51.70488],[-4.94186,51.70862],[-4.94266,51.7175],[-4.94323,51.70524],[-4.98488,51.69937],[-5.01932,51.70658],[-5.01389,51.71718],[-5.02268,51.70793],[-5.08498,51.70629],[-5.10513,51.72359],[-5.09302,51.74047],[-5.10525,51.73609],[-5.10571,51.71698],[-5.11591,51.71038],[-5.12458,51.71744],[-5.15654,51.71283],[-5.17,51.73097],[-5.16367,51.7244],[-5.17345,51.71505],[-5.16852,51.70678],[-5.14962,51.70237],[-5.15813,51.70172],[-5.15732,51.68797],[-5.17585,51.68041],[-5.18824,51.68997],[-5.18719,51.70886],[-5.25338,51.73313],[-5.25254,51.739],[-5.20884,51.73459],[-5.20319,51.75557],[-5.18611,51.75363],[-5.1603,51.77213],[-5.11968,51.76827],[-5.10765,51.77418],[-5.10206,51.78386],[-5.10744,51.82424],[-5.11685,51.82743],[-5.1168,51.84366],[-5.13388,51.86265],[-5.18159,51.86105],[-5.1795,51.86725],[-5.19457,51.86719],[-5.18932,51.87389],[-5.19833,51.8673],[-5.21762,51.87345],[-5.28254,51.87022],[-5.31535,51.85952],[-5.31967,51.8652],[-5.30721,51.87719],[-5.31635,51.8843],[-5.29564,51.89487],[-5.31139,51.90504],[-5.21054,51.93215],[-5.20617,51.93622],[-5.21306,51.93864],[-5.19839,51.94184],[-5.20412,51.94523],[-5.19642,51.95061],[-5.15406,51.9483],[-5.14296,51.95624],[-5.14696,51.96139],[-5.08639,51.96799],[-5.08761,51.98016],[-5.07991,51.98535],[-5.09565,51.99363],[-5.07258,52.00396],[-5.08964,52.01533],[-5.06958,52.03073],[-5.02073,52.02035],[-4.99159,52.02587],[-4.98681,52.01606],[-4.96997,52.01271],[-4.98261,52.0147],[-4.99322,52.00447],[-4.96898,51.99495],[-4.97124,52.00145],[-4.91971,52.0101],[-4.9095,52.02124],[-4.91791,52.02634],[-4.91003,52.03489],[-4.8793,52.01914],[-4.81437,52.01853],[-4.84133,52.02476],[-4.83797,52.03342],[-4.84527,52.04246],[-4.82872,52.05363],[-4.79143,52.05846],[-4.75905,52.07677],[-4.74144,52.09863],[-4.74915,52.10433],[-4.73154,52.11787],[-4.68807,52.10253],[-4.67871,52.08236],[-4.6429,52.0787],[-4.63698,52.06042],[-4.6455,52.08182],[-4.68099,52.08515],[-4.67477,52.10043],[-4.68837,52.10414],[-4.68751,52.1287],[-4.56739,52.14451],[-4.54558,52.13329],[-4.5186,52.13499],[-4.47091,52.16034],[-4.46697,52.17118],[-4.45423,52.16765],[-4.42893,52.17818],[-4.37763,52.21574],[-4.32497,52.21361],[-4.20751,52.26366],[-4.14038,52.3225],[-4.08941,52.3989],[-4.09193,52.40682],[-4.08658,52.39915],[-4.08664,52.41105],[-4.06751,52.40287],[-4.08506,52.41174],[-4.09042,52.4071],[-4.09179,52.414],[-4.06846,52.46907],[-4.0519,52.4817],[-4.05811,52.53092],[-4.05177,52.53482],[-4.04153,52.52494],[-4.03935,52.4888],[-4.03998,52.52266],[-4.00147,52.53277],[-4.00546,52.52911],[-3.98566,52.5176],[-3.99956,52.52943],[-3.99704,52.53484],[-3.96668,52.53073],[-3.98447,52.53626],[-3.95386,52.55626],[-3.94923,52.55168],[-3.94163,52.55795],[-3.93693,52.54969],[-3.92564,52.5619],[-3.90623,52.5608],[-3.92873,52.5663],[-3.91524,52.5784],[-3.89189,52.57714],[-3.91814,52.58042],[-3.91413,52.57497],[-3.92919,52.57134],[-3.93162,52.55388],[-3.96049,52.56067],[-4.06654,52.5418],[-4.12629,52.60765],[-4.10427,52.59924],[-4.08966,52.60417],[-4.12897,52.61169],[-4.09486,52.66851],[-4.0574,52.68721],[-4.05875,52.70805],[-4.04984,52.7154],[-4.05704,52.70536],[-4.03229,52.70854],[-4.03791,52.714],[-4.01624,52.72062],[-4.01133,52.71318],[-3.98946,52.73595],[-3.95186,52.75027],[-3.90086,52.75586],[-4.0232,52.7361],[-4.0348,52.72199],[-4.05232,52.71647],[-4.15006,52.80735],[-4.15181,52.81502],[-4.13955,52.8229],[-4.12816,52.82578],[-4.13779,52.81559],[-4.11857,52.83031],[-4.10793,52.82665],[-4.11489,52.83209],[-4.12935,52.82697],[-4.11899,52.84804],[-4.14635,52.88434],[-4.14525,52.89375],[-4.08648,52.90196],[-4.07293,52.89354],[-4.08296,52.90025],[-4.06863,52.90954],[-4.08556,52.90319],[-4.06346,52.91625],[-4.07185,52.91704],[-4.05911,52.91599],[-4.0378,52.93627],[-4.01383,52.94115],[-4.00447,52.93581],[-3.98886,52.94755],[-4.0049,52.93814],[-4.03479,52.93885],[-4.04593,52.92756],[-4.10301,52.90902],[-4.11919,52.91898],[-4.1104,52.91998],[-4.1285,52.92182],[-4.12637,52.9291],[-4.13499,52.91391],[-4.15206,52.90636],[-4.21944,52.91912],[-4.26112,52.9109],[-4.28472,52.91715],[-4.26361,52.91087],[-4.3165,52.90848],[-4.32503,52.90466],[-4.32665,52.89195],[-4.389,52.89562],[-4.40368,52.88419],[-4.40691,52.89181],[-4.41688,52.88736],[-4.39564,52.88341],[-4.45707,52.87114],[-4.47651,52.85767],[-4.47033,52.84783],[-4.49452,52.83851],[-4.50615,52.82497],[-4.49731,52.82558],[-4.50003,52.81252],[-4.48315,52.80514],[-4.48678,52.79448],[-4.51485,52.79297],[-4.52803,52.7777],[-4.54256,52.78659],[-4.53611,52.80022],[-4.60325,52.82505],[-4.6444,52.79977],[-4.6613,52.80616],[-4.68844,52.79386],[-4.71595,52.80359],[-4.73208,52.78201],[-4.75733,52.78816],[-4.76753,52.79808],[-4.72254,52.83627],[-4.72616,52.85351],[-4.69635,52.8593],[-4.69007,52.87425],[-4.66816,52.87912],[-4.65,52.90604],[-4.63257,52.90576],[-4.61771,52.92227],[-4.57057,52.93888],[-4.56745,52.94855],[-4.56251,52.9382],[-4.52015,52.94008],[-4.47159,52.96674],[-4.43683,52.99879],[-4.41016,52.99802],[-4.3537,53.03332],[-4.33962,53.05016],[-4.33685,53.08407],[-4.34769,53.11112],[-4.33912,53.12213],[-4.31869,53.12151],[-4.33211,53.11271],[-4.32304,53.09926],[-4.31685,53.10249],[-4.31934,53.09278],[-4.30829,53.10703],[-4.31381,53.10666],[-4.3117,53.12739],[-4.28274,53.13952],[-4.27362,53.13281],[-4.27827,53.14218],[-4.25791,53.16107],[-4.20811,53.18723],[-4.2048,53.20646],[-4.12777,53.23574],[-4.09108,53.2367],[-4.08557,53.22565],[-3.88152,53.28925],[-3.84146,53.29545],[-3.80964,53.26615],[-3.82817,53.25257],[-3.80796,53.23597],[-3.83776,53.21041],[-3.82845,53.20683],[-3.84134,53.19188],[-3.8288,53.18914],[-3.83476,53.1807],[-3.82005,53.18083],[-3.82512,53.15728],[-3.81267,53.15306],[-3.82409,53.15783],[-3.81885,53.1796],[-3.83337,53.20103],[-3.82174,53.22765],[-3.8028,53.23336],[-3.82135,53.25134],[-3.79758,53.27327],[-3.82293,53.28042],[-3.82097,53.28794],[-3.84579,53.30767],[-3.84453,53.31902],[-3.87729,53.33277],[-3.87443,53.34135],[-3.83301,53.33803],[-3.83029,53.32697],[-3.8188,53.32279],[-3.77519,53.32828],[-3.73911,53.31414],[-3.73212,53.30036],[-3.70757,53.29382],[-3.60958,53.29045],[-3.50658,53.31733],[-3.51112,53.31277],[-3.49765,53.30077],[-3.45933,53.28543],[-3.45611,53.27785],[-3.50931,53.31325],[-3.48259,53.32783],[-3.36328,53.35386],[-3.30821,53.35409]]],[[[-4.42332,53.42869],[-4.40536,53.42741],[-4.40258,53.42092],[-4.3682,53.42406],[-4.35636,53.41421],[-4.3388,53.41961],[-4.33439,53.41328],[-4.32528,53.41836],[-4.29301,53.41107],[-4.287,53.41676],[-4.26938,53.39055],[-4.29559,53.36451],[-4.27636,53.37106],[-4.27999,53.37609],[-4.26402,53.36721],[-4.26478,53.36081],[-4.23006,53.35775],[-4.23385,53.34062],[-4.22473,53.33796],[-4.2191,53.31902],[-4.20426,53.31381],[-4.21451,53.2988],[-4.20412,53.29227],[-4.14335,53.30532],[-4.11897,53.31926],[-4.04016,53.3106],[-4.07187,53.28954],[-4.10069,53.25474],[-4.15926,53.23387],[-4.16317,53.2214],[-4.20269,53.21579],[-4.21464,53.20475],[-4.21844,53.18568],[-4.31356,53.145],[-4.34009,53.14858],[-4.32753,53.16016],[-4.33093,53.16562],[-4.34264,53.13486],[-4.32747,53.12686],[-4.40623,53.14372],[-4.41832,53.16276],[-4.39977,53.17453],[-4.39068,53.17018],[-4.38047,53.18255],[-4.38501,53.19157],[-4.34677,53.20253],[-4.31273,53.22972],[-4.34687,53.2026],[-4.39686,53.18788],[-4.44356,53.15501],[-4.46679,53.18419],[-4.46009,53.19462],[-4.46674,53.18226],[-4.48645,53.17721],[-4.48832,53.18661],[-4.50409,53.18705],[-4.49759,53.20756],[-4.52387,53.22664],[-4.52322,53.23749],[-4.51274,53.23862],[-4.52298,53.2379],[-4.52182,53.23199],[-4.5359,53.23698],[-4.55548,53.24968],[-4.54839,53.25437],[-4.56023,53.2592],[-4.55072,53.26445],[-4.5548,53.26797],[-4.56054,53.26467],[-4.58849,53.28144],[-4.57618,53.28601],[-4.58365,53.29019],[-4.57479,53.2879],[-4.55974,53.30076],[-4.52973,53.30949],[-4.56314,53.29944],[-4.56236,53.31675],[-4.58292,53.32568],[-4.58166,53.33417],[-4.56967,53.33711],[-4.56944,53.35361],[-4.55512,53.37383],[-4.5749,53.40291],[-4.5298,53.40606],[-4.51021,53.41686],[-4.51522,53.41143],[-4.49192,53.41118],[-4.47842,53.4222],[-4.45021,53.41289],[-4.4503,53.42322],[-4.42332,53.42869]]]]}}]}